context_id,country,ADMN,mandate_type,mandate_num,outcome,state_abbrev,N,model_1,model_2,model_3,model_4,model_5,model_6,model_7,model_8,model_9,model_10,model_11
1,USA,2,restaurant,first,visits to restaurants,AL,67,1,1,1,0,0,0,0,0,0,0,0
2,USA,2,restaurant,first,visits to restaurants,AK,12,1,1,1,0,0,0,0,0,0,0,0
3,USA,2,restaurant,first,visits to restaurants,AZ,13,1,1,1,0,0,0,0,0,0,0,0
4,USA,2,restaurant,first,visits to restaurants,AR,75,1,1,1,0,0,0,0,0,0,0,0
5,USA,2,restaurant,first,visits to restaurants,CA,58,1,1,1,1,0,0,0,0,0,0,0
6,USA,2,restaurant,first,visits to restaurants,CO,57,1,1,1,0,0,0,0,0,0,0,0
7,USA,2,restaurant,first,visits to restaurants,CT,8,1,1,1,0,0,0,0,0,0,0,0
8,USA,2,restaurant,first,visits to restaurants,DE,3,1,1,1,0,0,0,0,0,0,0,0
9,USA,2,restaurant,first,visits to restaurants,FL,66,1,1,1,0,0,0,0,0,0,0,0
10,USA,2,restaurant,first,visits to restaurants,GA,156,1,1,1,0,0,0,0,0,0,0,0
11,USA,2,restaurant,first,visits to restaurants,HI,3,1,1,1,0,0,0,0,0,0,0,0
12,USA,2,restaurant,first,visits to restaurants,ID,44,1,1,1,0,0,0,0,0,0,0,0
13,USA,2,restaurant,first,visits to restaurants,IL,102,1,1,1,0,0,0,0,0,0,0,0
14,USA,2,restaurant,first,visits to restaurants,IN,92,1,1,1,0,0,0,0,0,0,0,0
15,USA,2,restaurant,first,visits to restaurants,IA,99,1,1,1,0,0,0,0,0,0,0,0
16,USA,2,restaurant,first,visits to restaurants,KS,105,1,1,1,0,0,0,0,0,0,0,0
17,USA,2,restaurant,first,visits to restaurants,KY,120,1,1,1,0,0,0,0,0,0,0,0
18,USA,2,restaurant,first,visits to restaurants,LA,64,1,1,1,0,0,0,0,0,0,0,0
19,USA,2,restaurant,first,visits to restaurants,ME,16,1,1,1,0,0,0,0,0,0,0,0
20,USA,2,restaurant,first,visits to restaurants,MD,22,1,1,1,0,0,0,0,0,0,0,0
21,USA,2,restaurant,first,visits to restaurants,MA,14,1,1,1,0,0,0,0,0,0,0,0
22,USA,2,restaurant,first,visits to restaurants,MI,83,1,1,1,0,0,0,0,0,0,0,0
23,USA,2,restaurant,first,visits to restaurants,MN,87,1,1,1,0,0,0,0,0,0,0,0
24,USA,2,restaurant,first,visits to restaurants,MS,81,1,1,1,0,0,0,0,0,0,0,0
25,USA,2,restaurant,first,visits to restaurants,MO,115,1,1,1,0,0,0,0,0,0,0,0
26,USA,2,restaurant,first,visits to restaurants,MT,53,1,1,1,0,0,0,0,0,0,0,0
27,USA,2,restaurant,first,visits to restaurants,NE,84,1,1,1,0,0,0,0,0,0,0,0
28,USA,2,restaurant,first,visits to restaurants,NV,17,1,1,1,0,0,0,0,0,0,0,0
29,USA,2,restaurant,first,visits to restaurants,NH,10,1,1,1,0,0,0,0,0,0,0,0
30,USA,2,restaurant,first,visits to restaurants,NJ,21,1,1,1,0,0,0,0,0,0,0,0
31,USA,2,restaurant,first,visits to restaurants,NM,31,1,1,1,0,0,0,0,0,0,0,0
32,USA,2,restaurant,first,visits to restaurants,NY,57,1,1,1,0,0,0,0,0,0,0,0
33,USA,2,restaurant,first,visits to restaurants,NC,100,1,1,1,0,0,0,0,0,0,0,0
34,USA,2,restaurant,first,visits to restaurants,ND,46,1,1,1,0,0,0,0,0,0,0,0
35,USA,2,restaurant,first,visits to restaurants,OH,88,1,1,1,0,0,0,0,0,0,0,0
36,USA,2,restaurant,first,visits to restaurants,OK,77,1,1,1,0,0,0,0,0,0,0,0
37,USA,2,restaurant,first,visits to restaurants,OR,36,1,1,1,0,0,0,0,0,0,0,0
38,USA,2,restaurant,first,visits to restaurants,PA,67,1,1,1,0,0,0,0,0,0,0,0
39,USA,2,restaurant,first,visits to restaurants,RI,5,1,1,1,0,0,0,0,0,0,0,0
40,USA,2,restaurant,first,visits to restaurants,SC,46,1,1,1,0,0,0,0,0,0,0,0
41,USA,2,restaurant,first,visits to restaurants,TN,95,1,1,1,0,0,0,0,0,0,0,0
42,USA,2,restaurant,first,visits to restaurants,TX,250,1,1,1,0,0,0,0,0,0,0,0
43,USA,2,restaurant,first,visits to restaurants,UT,28,1,1,1,0,0,0,0,0,0,0,0
44,USA,2,restaurant,first,visits to restaurants,VT,14,1,1,1,0,0,0,0,0,0,0,0
45,USA,2,restaurant,first,visits to restaurants,VA,104,1,1,1,0,0,0,0,0,0,0,0
46,USA,2,restaurant,first,visits to restaurants,WA,39,1,1,1,0,0,0,0,0,0,0,0
47,USA,2,restaurant,first,visits to restaurants,WV,55,1,1,1,0,0,0,0,0,0,0,0
48,USA,2,restaurant,first,visits to restaurants,WI,72,1,1,1,0,0,0,0,0,0,0,0
49,USA,2,restaurant,first,visits to restaurants,WY,23,1,1,1,0,0,0,0,0,0,0,0
50,USA,2,bar,first,visits to bars,AL,17,1,1,1,0,0,0,0,0,0,0,0
51,USA,2,bar,first,visits to bars,AK,2,1,1,1,0,0,0,0,0,0,0,0
52,USA,2,bar,first,visits to bars,AZ,9,1,1,1,0,0,0,0,0,0,0,0
53,USA,2,bar,first,visits to bars,AR,10,1,1,1,0,0,0,0,0,0,0,0
54,USA,2,bar,first,visits to bars,CA,45,1,1,1,1,0,0,0,0,0,0,0
55,USA,2,bar,first,visits to bars,CO,18,1,1,1,0,0,0,0,0,0,0,0
56,USA,2,bar,first,visits to bars,CT,8,1,1,1,0,0,0,0,0,0,0,0
57,USA,2,bar,first,visits to bars,DE,3,1,1,1,0,0,0,0,0,0,0,0
58,USA,2,bar,first,visits to bars,FL,42,1,1,1,0,0,0,0,0,0,0,0
59,USA,2,bar,first,visits to bars,GA,35,1,1,1,0,0,0,0,0,0,0,0
60,USA,2,bar,first,visits to bars,HI,3,1,1,1,0,0,0,0,0,0,0,0
61,USA,2,bar,first,visits to bars,ID,12,1,1,1,0,0,0,0,0,0,0,0
62,USA,2,bar,first,visits to bars,IL,40,1,1,1,0,0,0,0,0,0,0,0
63,USA,2,bar,first,visits to bars,IN,43,1,1,1,0,0,0,0,0,0,0,0
64,USA,2,bar,first,visits to bars,IA,19,1,1,1,0,0,0,0,0,0,0,0
65,USA,2,bar,first,visits to bars,KS,12,1,1,1,0,0,0,0,0,0,0,0
66,USA,2,bar,first,visits to bars,KY,16,1,1,1,0,0,0,0,0,0,0,0
67,USA,2,bar,first,visits to bars,LA,22,1,1,1,0,0,0,0,0,0,0,0
68,USA,2,bar,first,visits to bars,ME,10,1,1,1,0,0,0,0,0,0,0,0
69,USA,2,bar,first,visits to bars,MD,15,1,1,1,0,0,0,0,0,0,0,0
70,USA,2,bar,first,visits to bars,MA,12,1,1,1,0,0,0,0,0,0,0,0
71,USA,2,bar,first,visits to bars,MI,40,1,1,1,0,0,0,0,0,0,0,0
72,USA,2,bar,first,visits to bars,MN,29,1,1,1,0,0,0,0,0,0,0,0
73,USA,2,bar,first,visits to bars,MS,14,1,1,1,0,0,0,0,0,0,0,0
74,USA,2,bar,first,visits to bars,MO,27,1,1,1,0,0,0,0,0,0,0,0
75,USA,2,bar,first,visits to bars,MT,15,1,1,1,0,0,0,0,0,0,0,0
76,USA,2,bar,first,visits to bars,NE,13,1,1,1,0,0,0,0,0,0,0,0
77,USA,2,bar,first,visits to bars,NV,6,1,1,1,0,0,0,0,0,0,0,0
78,USA,2,bar,first,visits to bars,NH,7,1,1,1,0,0,0,0,0,0,0,0
79,USA,2,bar,first,visits to bars,NJ,20,1,1,1,0,0,0,0,0,0,0,0
80,USA,2,bar,first,visits to bars,NM,4,1,1,1,0,0,0,0,0,0,0,0
81,USA,2,bar,first,visits to bars,NY,35,1,1,1,0,0,0,0,0,0,0,0
82,USA,2,bar,first,visits to bars,NC,42,1,1,1,0,0,0,0,0,0,0,0
83,USA,2,bar,first,visits to bars,ND,9,1,1,1,0,0,0,0,0,0,0,0
84,USA,2,bar,first,visits to bars,OH,41,1,1,1,0,0,0,0,0,0,0,0
85,USA,2,bar,first,visits to bars,OK,17,1,1,1,0,0,0,0,0,0,0,0
86,USA,2,bar,first,visits to bars,OR,22,1,1,1,0,0,0,0,0,0,0,0
87,USA,2,bar,first,visits to bars,PA,43,1,1,1,0,0,0,0,0,0,0,0
88,USA,2,bar,first,visits to bars,RI,4,1,1,1,0,0,0,0,0,0,0,0
89,USA,2,bar,first,visits to bars,SC,19,1,1,1,0,0,0,0,0,0,0,0
90,USA,2,bar,first,visits to bars,TN,22,1,1,1,0,0,0,0,0,0,0,0
91,USA,2,bar,first,visits to bars,TX,82,1,1,1,0,0,0,0,0,0,0,0
92,USA,2,bar,first,visits to bars,UT,5,1,1,1,0,0,0,0,0,0,0,0
93,USA,2,bar,first,visits to bars,VT,8,1,1,1,0,0,0,0,0,0,0,0
94,USA,2,bar,first,visits to bars,VA,22,1,1,1,0,0,0,0,0,0,0,0
95,USA,2,bar,first,visits to bars,WA,21,1,1,1,0,0,0,0,0,0,0,0
96,USA,2,bar,first,visits to bars,WV,11,1,1,1,0,0,0,0,0,0,0,0
97,USA,2,bar,first,visits to bars,WI,49,1,1,1,0,0,0,0,0,0,0,0
98,USA,2,bar,first,visits to bars,WY,8,1,1,1,0,0,0,0,0,0,0,0
99,USA,2,restaurant,second,visits to restaurants,CO,9,1,1,1,1,0,0,0,0,0,0,0
100,USA,2,restaurant,second,visits to restaurants,IL,92,1,1,1,1,1,1,0,0,0,0,0
101,USA,2,restaurant,second,visits to restaurants,MI,83,1,1,1,1,1,1,1,1,1,1,1
102,USA,2,restaurant,second,visits to restaurants,MN,87,1,1,1,1,1,1,1,0,0,0,1
103,USA,2,restaurant,second,visits to restaurants,OR,36,1,1,1,1,1,1,1,0,0,1,1
104,USA,2,restaurant,second,visits to restaurants,PA,67,1,1,1,1,1,1,1,0,0,1,1
105,USA,2,restaurant,second,visits to restaurants,WA,39,1,1,1,1,1,1,0,0,0,1,1
106,USA,2,restaurant,second,visits to restaurants,WY,23,1,1,1,1,1,1,1,0,0,0,1
107,USA,2,bar,second,visits to bars,IL,33,1,1,1,1,1,1,0,0,0,0,0
108,USA,2,bar,second,visits to bars,IA,6,1,1,1,1,1,1,0,0,0,0,0
109,USA,2,bar,second,visits to bars,MN,28,1,1,1,1,1,1,1,0,0,0,1
110,USA,2,bar,second,visits to bars,OR,23,1,1,1,1,1,1,1,0,0,0,1
111,USA,2,bar,second,visits to bars,VT,7,1,1,1,1,0,0,1,1,1,0,1
112,USA,2,bar,second,visits to bars,WY,3,1,1,1,1,1,1,1,0,0,0,1
