context_id,location_id
1,574
1,575
1,576
1,577
1,578
1,579
1,580
1,581
1,582
1,583
1,584
1,585
1,586
1,587
1,588
1,589
1,590
1,591
1,592
1,593
1,594
1,595
1,596
1,597
1,598
1,599
1,600
1,601
1,602
1,603
1,604
1,605
1,606
1,607
1,608
1,609
1,610
1,611
1,612
1,613
1,614
1,615
1,616
1,617
1,618
1,619
1,620
1,621
1,622
1,623
1,624
1,625
1,626
1,627
1,628
1,629
1,630
1,631
1,632
1,633
1,634
1,635
1,636
1,637
1,638
1,639
1,640
2,641
2,643
2,645
2,646
2,648
2,649
2,650
2,653
2,654
2,655
2,656
2,666
3,668
3,669
3,670
3,671
3,672
3,673
3,675
3,676
3,677
3,679
3,680
3,681
3,682
4,683
4,684
4,685
4,686
4,687
4,688
4,689
4,690
4,691
4,692
4,693
4,694
4,695
4,696
4,697
4,698
4,699
4,700
4,701
4,702
4,703
4,704
4,705
4,706
4,707
4,708
4,709
4,710
4,711
4,712
4,713
4,714
4,715
4,716
4,717
4,718
4,719
4,720
4,721
4,722
4,723
4,724
4,725
4,726
4,727
4,728
4,729
4,730
4,731
4,732
4,733
4,734
4,735
4,736
4,737
4,738
4,739
4,740
4,741
4,742
4,743
4,744
4,745
4,746
4,747
4,748
4,749
4,750
4,751
4,752
4,753
4,754
4,755
4,756
4,757
5,758
5,759
5,760
5,761
5,762
5,763
5,764
5,765
5,766
5,767
5,768
5,769
5,770
5,771
5,772
5,773
5,774
5,775
5,776
5,777
5,778
5,779
5,780
5,781
5,782
5,783
5,784
5,785
5,786
5,787
5,788
5,789
5,790
5,791
5,792
5,793
5,794
5,795
5,796
5,797
5,798
5,799
5,800
5,801
5,802
5,803
5,804
5,805
5,806
5,807
5,808
5,809
5,810
5,811
5,812
5,813
5,814
5,815
6,816
6,818
6,819
6,820
6,821
6,822
6,823
6,824
6,825
6,826
6,827
6,829
6,830
6,832
6,833
6,834
6,836
6,839
6,840
6,841
6,842
6,843
6,844
6,845
6,846
6,847
6,848
6,849
6,850
6,851
6,852
6,853
6,854
6,855
6,856
6,857
6,858
6,859
6,860
6,861
6,862
6,863
6,864
6,865
6,866
6,867
6,868
6,869
6,870
6,871
6,872
6,873
6,874
6,875
6,876
6,877
6,878
7,880
7,881
7,882
7,883
7,884
7,885
7,886
7,887
8,888
8,889
8,890
9,892
9,893
9,894
9,895
9,896
9,897
9,898
9,899
9,900
9,901
9,902
9,903
9,904
9,905
9,906
9,907
9,908
9,909
9,910
9,911
9,912
9,913
9,914
9,915
9,916
9,917
9,918
9,919
9,920
9,921
9,922
9,923
9,924
9,925
9,926
9,927
9,928
9,929
9,930
9,931
9,932
9,933
9,934
9,935
9,936
9,937
9,938
9,939
9,940
9,941
9,942
9,943
9,944
9,945
9,946
9,947
9,948
9,949
9,950
9,951
9,952
9,953
9,954
9,955
9,956
9,958
10,959
10,960
10,961
10,962
10,963
10,964
10,965
10,966
10,967
10,968
10,969
10,970
10,971
10,972
10,973
10,974
10,975
10,976
10,977
10,978
10,979
10,980
10,981
10,982
10,983
10,984
10,985
10,986
10,987
10,988
10,989
10,990
10,991
10,992
10,993
10,994
10,995
10,996
10,997
10,998
10,999
10,1000
10,1001
10,1002
10,1003
10,1004
10,1005
10,1006
10,1007
10,1008
10,1009
10,1010
10,1011
10,1012
10,1013
10,1014
10,1015
10,1016
10,1017
10,1018
10,1019
10,1020
10,1021
10,1022
10,1023
10,1024
10,1025
10,1026
10,1027
10,1028
10,1029
10,1030
10,1031
10,1032
10,1033
10,1034
10,1035
10,1036
10,1037
10,1038
10,1039
10,1040
10,1041
10,1042
10,1043
10,1044
10,1045
10,1046
10,1047
10,1048
10,1049
10,1050
10,1051
10,1052
10,1053
10,1054
10,1055
10,1056
10,1057
10,1058
10,1059
10,1060
10,1061
10,1062
10,1063
10,1064
10,1065
10,1066
10,1067
10,1068
10,1069
10,1070
10,1071
10,1072
10,1073
10,1074
10,1075
10,1077
10,1078
10,1079
10,1080
10,1081
10,1082
10,1083
10,1084
10,1085
10,1086
10,1087
10,1088
10,1089
10,1090
10,1091
10,1092
10,1093
10,1094
10,1095
10,1096
10,1097
10,1098
10,1099
10,1101
10,1102
10,1103
10,1104
10,1105
10,1106
10,1107
10,1108
10,1109
10,1110
10,1111
10,1112
10,1113
10,1114
10,1115
10,1116
11,1119
11,1120
11,1122
12,1123
12,1124
12,1125
12,1126
12,1127
12,1128
12,1129
12,1130
12,1131
12,1132
12,1133
12,1134
12,1135
12,1136
12,1137
12,1138
12,1139
12,1140
12,1141
12,1142
12,1143
12,1144
12,1145
12,1146
12,1147
12,1148
12,1149
12,1150
12,1151
12,1152
12,1153
12,1154
12,1155
12,1156
12,1157
12,1158
12,1159
12,1160
12,1161
12,1162
12,1163
12,1164
12,1165
12,1166
13,1167
13,1168
13,1169
13,1170
13,1171
13,1172
13,1173
13,1174
13,1175
13,1176
13,1177
13,1178
13,1179
13,1180
13,1181
13,1182
13,1183
13,1184
13,1185
13,1186
13,1187
13,1188
13,1189
13,1190
13,1191
13,1192
13,1193
13,1194
13,1195
13,1196
13,1197
13,1198
13,1199
13,1200
13,1201
13,1202
13,1203
13,1204
13,1205
13,1206
13,1207
13,1208
13,1209
13,1210
13,1211
13,1212
13,1213
13,1214
13,1215
13,1216
13,1217
13,1218
13,1219
13,1220
13,1221
13,1222
13,1223
13,1224
13,1225
13,1226
13,1227
13,1228
13,1229
13,1230
13,1231
13,1232
13,1233
13,1234
13,1235
13,1236
13,1237
13,1238
13,1239
13,1240
13,1241
13,1242
13,1243
13,1244
13,1245
13,1246
13,1247
13,1248
13,1249
13,1250
13,1251
13,1252
13,1253
13,1254
13,1255
13,1256
13,1257
13,1258
13,1259
13,1260
13,1261
13,1262
13,1263
13,1264
13,1265
13,1266
13,1267
13,1268
14,1269
14,1270
14,1271
14,1272
14,1273
14,1274
14,1275
14,1276
14,1277
14,1278
14,1279
14,1280
14,1281
14,1282
14,1283
14,1284
14,1285
14,1286
14,1287
14,1288
14,1289
14,1290
14,1291
14,1292
14,1293
14,1294
14,1295
14,1296
14,1297
14,1298
14,1299
14,1300
14,1301
14,1302
14,1303
14,1304
14,1305
14,1306
14,1307
14,1308
14,1309
14,1310
14,1311
14,1312
14,1313
14,1314
14,1315
14,1316
14,1317
14,1318
14,1319
14,1320
14,1321
14,1322
14,1323
14,1324
14,1325
14,1326
14,1327
14,1328
14,1329
14,1330
14,1331
14,1332
14,1333
14,1334
14,1335
14,1336
14,1337
14,1338
14,1339
14,1340
14,1341
14,1342
14,1343
14,1344
14,1345
14,1346
14,1347
14,1348
14,1349
14,1350
14,1351
14,1352
14,1353
14,1354
14,1355
14,1356
14,1357
14,1358
14,1359
14,1360
15,1361
15,1362
15,1363
15,1364
15,1365
15,1366
15,1367
15,1368
15,1369
15,1370
15,1371
15,1372
15,1373
15,1374
15,1375
15,1376
15,1377
15,1378
15,1379
15,1380
15,1381
15,1382
15,1383
15,1384
15,1385
15,1386
15,1387
15,1388
15,1389
15,1390
15,1391
15,1392
15,1393
15,1394
15,1395
15,1396
15,1397
15,1398
15,1399
15,1400
15,1401
15,1402
15,1403
15,1404
15,1405
15,1406
15,1407
15,1408
15,1409
15,1410
15,1411
15,1412
15,1413
15,1414
15,1415
15,1416
15,1417
15,1418
15,1419
15,1420
15,1421
15,1422
15,1423
15,1424
15,1425
15,1426
15,1427
15,1428
15,1429
15,1430
15,1431
15,1432
15,1433
15,1434
15,1435
15,1436
15,1437
15,1438
15,1439
15,1440
15,1441
15,1442
15,1443
15,1444
15,1445
15,1446
15,1447
15,1448
15,1449
15,1450
15,1451
15,1452
15,1453
15,1454
15,1455
15,1456
15,1457
15,1458
15,1459
16,1460
16,1461
16,1462
16,1463
16,1464
16,1465
16,1466
16,1467
16,1468
16,1469
16,1470
16,1471
16,1472
16,1473
16,1474
16,1475
16,1476
16,1477
16,1478
16,1479
16,1480
16,1481
16,1482
16,1483
16,1484
16,1485
16,1486
16,1487
16,1488
16,1489
16,1490
16,1491
16,1492
16,1493
16,1494
16,1495
16,1496
16,1497
16,1498
16,1499
16,1500
16,1501
16,1502
16,1503
16,1504
16,1505
16,1506
16,1507
16,1508
16,1509
16,1510
16,1511
16,1512
16,1513
16,1514
16,1515
16,1516
16,1517
16,1518
16,1519
16,1520
16,1521
16,1522
16,1523
16,1524
16,1525
16,1526
16,1527
16,1528
16,1529
16,1530
16,1531
16,1532
16,1533
16,1534
16,1535
16,1536
16,1537
16,1538
16,1539
16,1540
16,1541
16,1542
16,1543
16,1544
16,1545
16,1546
16,1547
16,1548
16,1549
16,1550
16,1551
16,1552
16,1553
16,1554
16,1555
16,1556
16,1557
16,1558
16,1559
16,1560
16,1561
16,1562
16,1563
16,1564
17,1565
17,1566
17,1567
17,1568
17,1569
17,1570
17,1571
17,1572
17,1573
17,1574
17,1575
17,1576
17,1577
17,1578
17,1579
17,1580
17,1581
17,1582
17,1583
17,1584
17,1585
17,1586
17,1587
17,1588
17,1589
17,1590
17,1591
17,1592
17,1593
17,1594
17,1595
17,1596
17,1597
17,1598
17,1599
17,1600
17,1601
17,1602
17,1603
17,1604
17,1605
17,1606
17,1607
17,1608
17,1609
17,1610
17,1611
17,1612
17,1613
17,1614
17,1615
17,1616
17,1617
17,1618
17,1619
17,1620
17,1621
17,1622
17,1623
17,1624
17,1625
17,1626
17,1627
17,1628
17,1629
17,1630
17,1631
17,1632
17,1633
17,1634
17,1635
17,1636
17,1637
17,1638
17,1639
17,1640
17,1641
17,1642
17,1643
17,1644
17,1645
17,1646
17,1647
17,1648
17,1649
17,1650
17,1651
17,1652
17,1653
17,1654
17,1655
17,1656
17,1657
17,1658
17,1659
17,1660
17,1661
17,1662
17,1663
17,1664
17,1665
17,1666
17,1667
17,1668
17,1669
17,1670
17,1671
17,1672
17,1673
17,1674
17,1675
17,1676
17,1677
17,1678
17,1679
17,1680
17,1681
17,1682
17,1683
17,1684
18,1685
18,1686
18,1687
18,1688
18,1689
18,1690
18,1691
18,1692
18,1693
18,1694
18,1695
18,1696
18,1697
18,1698
18,1699
18,1700
18,1701
18,1702
18,1703
18,1704
18,1705
18,1706
18,1707
18,1708
18,1709
18,1710
18,1711
18,1712
18,1713
18,1714
18,1715
18,1716
18,1717
18,1718
18,1719
18,1720
18,1721
18,1722
18,1723
18,1724
18,1725
18,1726
18,1727
18,1728
18,1729
18,1730
18,1731
18,1732
18,1733
18,1734
18,1735
18,1736
18,1737
18,1738
18,1739
18,1740
18,1741
18,1742
18,1743
18,1744
18,1745
18,1746
18,1747
18,1748
19,1749
19,1750
19,1751
19,1752
19,1753
19,1754
19,1755
19,1756
19,1757
19,1758
19,1759
19,1760
19,1761
19,1762
19,1763
19,1764
20,1765
20,1766
20,1767
20,1768
20,1769
20,1770
20,1771
20,1772
20,1773
20,1774
20,1775
20,1777
20,1778
20,1779
20,1781
20,1782
20,1783
20,1784
20,1785
20,1786
20,1787
20,1788
21,1789
21,1790
21,1791
21,1792
21,1793
21,1794
21,1795
21,1796
21,1797
21,1798
21,1799
21,1800
21,1801
21,1802
22,1803
22,1804
22,1805
22,1806
22,1807
22,1808
22,1809
22,1810
22,1811
22,1812
22,1813
22,1814
22,1815
22,1816
22,1817
22,1818
22,1819
22,1820
22,1821
22,1822
22,1823
22,1824
22,1825
22,1826
22,1827
22,1828
22,1829
22,1830
22,1831
22,1832
22,1833
22,1834
22,1835
22,1836
22,1837
22,1838
22,1839
22,1840
22,1841
22,1842
22,1843
22,1844
22,1845
22,1846
22,1847
22,1848
22,1849
22,1850
22,1851
22,1852
22,1853
22,1854
22,1855
22,1856
22,1857
22,1858
22,1859
22,1860
22,1861
22,1862
22,1863
22,1864
22,1865
22,1866
22,1867
22,1868
22,1869
22,1870
22,1871
22,1872
22,1873
22,1874
22,1875
22,1876
22,1877
22,1878
22,1879
22,1880
22,1881
22,1882
22,1883
22,1884
22,1885
23,1886
23,1887
23,1888
23,1889
23,1890
23,1891
23,1892
23,1893
23,1894
23,1895
23,1896
23,1897
23,1898
23,1899
23,1900
23,1901
23,1902
23,1903
23,1904
23,1905
23,1906
23,1907
23,1908
23,1909
23,1910
23,1911
23,1912
23,1913
23,1914
23,1915
23,1916
23,1917
23,1918
23,1919
23,1920
23,1921
23,1922
23,1923
23,1924
23,1925
23,1926
23,1927
23,1928
23,1929
23,1930
23,1931
23,1932
23,1933
23,1934
23,1935
23,1936
23,1937
23,1938
23,1939
23,1940
23,1941
23,1942
23,1943
23,1944
23,1945
23,1946
23,1947
23,1948
23,1949
23,1950
23,1951
23,1952
23,1953
23,1954
23,1955
23,1956
23,1957
23,1958
23,1959
23,1960
23,1961
23,1962
23,1963
23,1964
23,1965
23,1966
23,1967
23,1968
23,1969
23,1970
23,1971
23,1972
24,1973
24,1974
24,1975
24,1976
24,1977
24,1978
24,1979
24,1980
24,1981
24,1982
24,1983
24,1984
24,1985
24,1986
24,1987
24,1988
24,1989
24,1990
24,1991
24,1992
24,1993
24,1994
24,1995
24,1996
24,1997
24,1998
24,1999
24,2000
24,2001
24,2002
24,2003
24,2004
24,2005
24,2006
24,2007
24,2008
24,2009
24,2010
24,2011
24,2012
24,2013
24,2015
24,2016
24,2017
24,2018
24,2019
24,2020
24,2021
24,2022
24,2023
24,2024
24,2025
24,2026
24,2027
24,2028
24,2029
24,2030
24,2031
24,2032
24,2033
24,2034
24,2035
24,2036
24,2037
24,2038
24,2039
24,2040
24,2041
24,2042
24,2043
24,2044
24,2045
24,2046
24,2047
24,2048
24,2049
24,2050
24,2051
24,2052
24,2053
24,2054
25,2055
25,2056
25,2057
25,2058
25,2059
25,2060
25,2061
25,2062
25,2063
25,2064
25,2065
25,2066
25,2067
25,2068
25,2069
25,2070
25,2071
25,2072
25,2073
25,2074
25,2075
25,2076
25,2077
25,2078
25,2079
25,2080
25,2081
25,2082
25,2083
25,2084
25,2085
25,2086
25,2087
25,2088
25,2089
25,2090
25,2091
25,2092
25,2093
25,2094
25,2095
25,2096
25,2097
25,2098
25,2099
25,2100
25,2101
25,2102
25,2103
25,2104
25,2105
25,2106
25,2107
25,2108
25,2109
25,2110
25,2111
25,2112
25,2113
25,2114
25,2115
25,2116
25,2117
25,2118
25,2119
25,2120
25,2121
25,2122
25,2123
25,2124
25,2125
25,2126
25,2127
25,2128
25,2129
25,2130
25,2131
25,2132
25,2133
25,2134
25,2135
25,2136
25,2137
25,2138
25,2139
25,2140
25,2141
25,2142
25,2143
25,2144
25,2145
25,2146
25,2147
25,2148
25,2149
25,2150
25,2151
25,2152
25,2153
25,2154
25,2155
25,2156
25,2157
25,2158
25,2159
25,2160
25,2161
25,2162
25,2163
25,2164
25,2165
25,2166
25,2167
25,2168
25,2169
26,2170
26,2171
26,2172
26,2173
26,2174
26,2175
26,2176
26,2177
26,2178
26,2179
26,2180
26,2181
26,2182
26,2183
26,2184
26,2185
26,2186
26,2187
26,2188
26,2189
26,2190
26,2191
26,2192
26,2193
26,2194
26,2195
26,2196
26,2197
26,2198
26,2199
26,2200
26,2201
26,2202
26,2203
26,2204
26,2205
26,2207
26,2208
26,2209
26,2210
26,2211
26,2212
26,2214
26,2215
26,2216
26,2218
26,2219
26,2220
26,2221
26,2222
26,2223
26,2224
26,2225
27,2226
27,2227
27,2228
27,2229
27,2230
27,2231
27,2232
27,2233
27,2234
27,2235
27,2236
27,2237
27,2238
27,2239
27,2240
27,2241
27,2242
27,2243
27,2244
27,2245
27,2246
27,2249
27,2250
27,2251
27,2252
27,2254
27,2255
27,2256
27,2257
27,2258
27,2259
27,2260
27,2261
27,2266
27,2267
27,2269
27,2270
27,2271
27,2272
27,2273
27,2274
27,2275
27,2276
27,2277
27,2278
27,2279
27,2280
27,2281
27,2282
27,2283
27,2284
27,2285
27,2286
27,2287
27,2288
27,2289
27,2290
27,2291
27,2292
27,2293
27,2294
27,2295
27,2296
27,2297
27,2299
27,2300
27,2301
27,2302
27,2303
27,2304
27,2305
27,2306
27,2307
27,2308
27,2309
27,2310
27,2311
27,2312
27,2313
27,2314
27,2315
27,2316
27,2317
27,2318
28,2319
28,2320
28,2321
28,2322
28,2323
28,2324
28,2325
28,2326
28,2327
28,2328
28,2329
28,2330
28,2331
28,2332
28,2333
28,2334
28,2335
29,2336
29,2337
29,2338
29,2339
29,2340
29,2341
29,2342
29,2343
29,2344
29,2345
30,2346
30,2347
30,2348
30,2349
30,2350
30,2351
30,2352
30,2353
30,2354
30,2355
30,2356
30,2357
30,2358
30,2359
30,2360
30,2361
30,2362
30,2363
30,2364
30,2365
30,2366
31,2367
31,2368
31,2369
31,2370
31,2371
31,2372
31,2373
31,2374
31,2375
31,2376
31,2377
31,2378
31,2379
31,2381
31,2382
31,2383
31,2384
31,2386
31,2387
31,2388
31,2389
31,2390
31,2391
31,2392
31,2393
31,2394
31,2395
31,2396
31,2397
31,2398
31,2399
32,2400
32,2401
32,2402
32,2403
32,2404
32,2405
32,2406
32,2407
32,2408
32,2409
32,2410
32,2411
32,2412
32,2413
32,2414
32,2415
32,2416
32,2417
32,2418
32,2419
32,2420
32,2421
32,2422
32,2423
32,2424
32,2426
32,2429
32,2432
32,2433
32,2434
32,2435
32,2436
32,2437
32,2438
32,2439
32,2440
32,2441
32,2442
32,2443
32,2444
32,2445
32,2446
32,2447
32,2448
32,2449
32,2450
32,2451
32,2452
32,2453
32,2454
32,2455
32,2456
32,2457
32,2458
32,2459
32,2460
32,2461
33,2462
33,2463
33,2464
33,2465
33,2466
33,2467
33,2468
33,2469
33,2470
33,2471
33,2472
33,2473
33,2474
33,2475
33,2476
33,2477
33,2478
33,2479
33,2480
33,2481
33,2482
33,2483
33,2484
33,2485
33,2486
33,2487
33,2488
33,2489
33,2490
33,2491
33,2492
33,2493
33,2494
33,2495
33,2496
33,2497
33,2498
33,2499
33,2500
33,2501
33,2502
33,2503
33,2504
33,2505
33,2506
33,2507
33,2508
33,2509
33,2510
33,2511
33,2512
33,2513
33,2514
33,2515
33,2516
33,2517
33,2518
33,2519
33,2520
33,2521
33,2522
33,2523
33,2524
33,2525
33,2526
33,2527
33,2528
33,2529
33,2530
33,2531
33,2532
33,2533
33,2534
33,2535
33,2536
33,2537
33,2538
33,2539
33,2540
33,2541
33,2542
33,2543
33,2544
33,2545
33,2546
33,2547
33,2548
33,2549
33,2550
33,2551
33,2552
33,2553
33,2554
33,2555
33,2556
33,2557
33,2558
33,2559
33,2560
33,2561
34,2562
34,2563
34,2564
34,2565
34,2566
34,2567
34,2568
34,2569
34,2570
34,2571
34,2572
34,2573
34,2574
34,2575
34,2576
34,2578
34,2579
34,2580
34,2581
34,2582
34,2583
34,2584
34,2585
34,2588
34,2589
34,2590
34,2592
34,2593
34,2594
34,2595
34,2597
34,2598
34,2599
34,2600
34,2601
34,2602
34,2603
34,2604
34,2606
34,2607
34,2608
34,2610
34,2611
34,2612
34,2613
34,2614
35,2615
35,2616
35,2617
35,2618
35,2619
35,2620
35,2621
35,2622
35,2623
35,2624
35,2625
35,2626
35,2627
35,2628
35,2629
35,2630
35,2631
35,2632
35,2633
35,2634
35,2635
35,2636
35,2637
35,2638
35,2639
35,2640
35,2641
35,2642
35,2643
35,2644
35,2645
35,2646
35,2647
35,2648
35,2649
35,2650
35,2651
35,2652
35,2653
35,2654
35,2655
35,2656
35,2657
35,2658
35,2659
35,2660
35,2661
35,2662
35,2663
35,2664
35,2665
35,2666
35,2667
35,2668
35,2669
35,2670
35,2671
35,2672
35,2673
35,2674
35,2675
35,2676
35,2677
35,2678
35,2679
35,2680
35,2681
35,2682
35,2683
35,2684
35,2685
35,2686
35,2687
35,2688
35,2689
35,2690
35,2691
35,2692
35,2693
35,2694
35,2695
35,2696
35,2697
35,2698
35,2699
35,2700
35,2701
35,2702
36,2703
36,2704
36,2705
36,2706
36,2707
36,2708
36,2709
36,2710
36,2711
36,2712
36,2713
36,2714
36,2715
36,2716
36,2717
36,2718
36,2719
36,2720
36,2721
36,2722
36,2723
36,2724
36,2725
36,2726
36,2727
36,2728
36,2729
36,2730
36,2731
36,2732
36,2733
36,2734
36,2735
36,2736
36,2737
36,2738
36,2739
36,2740
36,2741
36,2742
36,2743
36,2744
36,2745
36,2746
36,2747
36,2748
36,2749
36,2750
36,2751
36,2752
36,2753
36,2754
36,2755
36,2756
36,2757
36,2758
36,2759
36,2760
36,2761
36,2762
36,2763
36,2764
36,2765
36,2766
36,2767
36,2768
36,2769
36,2770
36,2771
36,2772
36,2773
36,2774
36,2775
36,2776
36,2777
36,2778
36,2779
37,2780
37,2781
37,2782
37,2783
37,2784
37,2785
37,2786
37,2787
37,2788
37,2789
37,2790
37,2791
37,2792
37,2793
37,2794
37,2795
37,2796
37,2797
37,2798
37,2799
37,2800
37,2801
37,2802
37,2803
37,2804
37,2805
37,2806
37,2807
37,2808
37,2809
37,2810
37,2811
37,2812
37,2813
37,2814
37,2815
38,2816
38,2817
38,2818
38,2819
38,2820
38,2821
38,2822
38,2823
38,2824
38,2825
38,2826
38,2827
38,2828
38,2829
38,2830
38,2831
38,2832
38,2833
38,2834
38,2835
38,2836
38,2837
38,2838
38,2839
38,2840
38,2841
38,2842
38,2843
38,2844
38,2845
38,2846
38,2847
38,2848
38,2849
38,2850
38,2851
38,2852
38,2853
38,2854
38,2855
38,2856
38,2857
38,2858
38,2859
38,2860
38,2861
38,2862
38,2863
38,2864
38,2865
38,2866
38,2867
38,2868
38,2869
38,2870
38,2871
38,2872
38,2873
38,2874
38,2875
38,2876
38,2877
38,2878
38,2879
38,2880
38,2881
38,2882
39,2883
39,2884
39,2885
39,2886
39,2887
40,2888
40,2889
40,2890
40,2891
40,2892
40,2893
40,2894
40,2895
40,2896
40,2897
40,2898
40,2899
40,2900
40,2901
40,2902
40,2903
40,2904
40,2905
40,2906
40,2907
40,2908
40,2909
40,2910
40,2911
40,2912
40,2913
40,2914
40,2915
40,2916
40,2917
40,2918
40,2919
40,2920
40,2921
40,2922
40,2923
40,2924
40,2925
40,2926
40,2927
40,2928
40,2929
40,2930
40,2931
40,2932
40,2933
41,3000
41,3001
41,3002
41,3003
41,3004
41,3005
41,3006
41,3007
41,3008
41,3009
41,3010
41,3011
41,3012
41,3013
41,3014
41,3015
41,3016
41,3017
41,3018
41,3019
41,3020
41,3021
41,3022
41,3023
41,3024
41,3025
41,3026
41,3027
41,3028
41,3029
41,3030
41,3031
41,3032
41,3033
41,3034
41,3035
41,3036
41,3037
41,3038
41,3039
41,3040
41,3041
41,3042
41,3043
41,3044
41,3045
41,3046
41,3047
41,3048
41,3049
41,3050
41,3051
41,3052
41,3053
41,3054
41,3055
41,3056
41,3057
41,3058
41,3059
41,3060
41,3061
41,3062
41,3063
41,3064
41,3065
41,3066
41,3067
41,3068
41,3069
41,3070
41,3071
41,3072
41,3073
41,3074
41,3075
41,3076
41,3077
41,3078
41,3079
41,3080
41,3081
41,3082
41,3083
41,3084
41,3085
41,3086
41,3087
41,3088
41,3089
41,3090
41,3091
41,3092
41,3093
41,3094
42,3095
42,3096
42,3097
42,3098
42,3099
42,3100
42,3101
42,3102
42,3103
42,3104
42,3105
42,3106
42,3107
42,3108
42,3109
42,3110
42,3111
42,3112
42,3113
42,3114
42,3115
42,3116
42,3117
42,3118
42,3119
42,3120
42,3121
42,3122
42,3123
42,3124
42,3125
42,3126
42,3127
42,3128
42,3129
42,3130
42,3131
42,3132
42,3133
42,3134
42,3135
42,3136
42,3137
42,3139
42,3140
42,3141
42,3142
42,3143
42,3144
42,3145
42,3146
42,3147
42,3148
42,3149
42,3150
42,3151
42,3152
42,3153
42,3154
42,3155
42,3156
42,3157
42,3158
42,3159
42,3160
42,3161
42,3162
42,3163
42,3164
42,3165
42,3166
42,3167
42,3168
42,3169
42,3170
42,3171
42,3172
42,3173
42,3174
42,3175
42,3176
42,3177
42,3178
42,3179
42,3181
42,3182
42,3183
42,3184
42,3185
42,3186
42,3187
42,3188
42,3189
42,3190
42,3191
42,3192
42,3193
42,3194
42,3195
42,3196
42,3197
42,3198
42,3199
42,3200
42,3201
42,3202
42,3203
42,3204
42,3205
42,3206
42,3207
42,3208
42,3209
42,3210
42,3211
42,3212
42,3213
42,3214
42,3215
42,3216
42,3217
42,3218
42,3219
42,3220
42,3221
42,3222
42,3223
42,3224
42,3225
42,3227
42,3228
42,3229
42,3230
42,3231
42,3232
42,3233
42,3234
42,3235
42,3236
42,3237
42,3238
42,3239
42,3240
42,3241
42,3242
42,3243
42,3244
42,3245
42,3246
42,3247
42,3248
42,3249
42,3250
42,3251
42,3252
42,3253
42,3254
42,3255
42,3256
42,3257
42,3258
42,3259
42,3260
42,3261
42,3262
42,3263
42,3264
42,3265
42,3266
42,3267
42,3268
42,3269
42,3270
42,3271
42,3272
42,3273
42,3274
42,3275
42,3276
42,3277
42,3278
42,3279
42,3280
42,3281
42,3282
42,3283
42,3284
42,3285
42,3286
42,3287
42,3288
42,3289
42,3290
42,3291
42,3292
42,3293
42,3294
42,3295
42,3296
42,3297
42,3298
42,3299
42,3300
42,3301
42,3302
42,3303
42,3304
42,3305
42,3306
42,3307
42,3308
42,3309
42,3310
42,3311
42,3312
42,3313
42,3314
42,3315
42,3316
42,3317
42,3318
42,3319
42,3320
42,3321
42,3322
42,3323
42,3324
42,3325
42,3326
42,3327
42,3328
42,3329
42,3330
42,3331
42,3332
42,3333
42,3334
42,3335
42,3336
42,3337
42,3338
42,3339
42,3340
42,3341
42,3342
42,3343
42,3345
42,3346
42,3347
42,3348
43,3349
43,3350
43,3351
43,3352
43,3353
43,3354
43,3355
43,3356
43,3358
43,3359
43,3360
43,3361
43,3362
43,3363
43,3364
43,3365
43,3366
43,3367
43,3368
43,3369
43,3370
43,3371
43,3372
43,3373
43,3374
43,3375
43,3376
43,3377
44,3378
44,3379
44,3380
44,3381
44,3382
44,3383
44,3384
44,3385
44,3386
44,3387
44,3388
44,3389
44,3390
44,3391
45,3392
45,3393
45,3394
45,3395
45,3396
45,3398
45,3399
45,3401
45,3402
45,3404
45,3405
45,3407
45,3410
45,3411
45,3412
45,3413
45,3415
45,3417
45,3419
45,3421
45,3423
45,3424
45,3426
45,3427
45,3428
45,3432
45,3433
45,3434
45,3435
45,3436
45,3437
45,3439
45,3440
45,3441
45,3442
45,3443
45,3444
45,3445
45,3446
45,3447
45,3448
45,3450
45,3451
45,3452
45,3453
45,3455
45,3456
45,3457
45,3458
45,3459
45,3460
45,3461
45,3462
45,3463
45,3464
45,3465
45,3467
45,3468
45,3469
45,3471
45,3473
45,3474
45,3475
45,3476
45,3477
45,3478
45,3479
45,3480
45,3481
45,3483
45,3484
45,3485
45,3486
45,3487
45,3489
45,3490
45,3491
45,3492
45,3493
45,3494
45,3495
45,3496
45,3497
45,3498
45,3499
45,3501
45,3502
45,3504
45,3505
45,3506
45,3507
45,3508
45,3509
45,3511
45,3512
45,3513
45,3514
45,3515
45,3516
45,3517
45,3518
45,3520
45,3521
45,3523
46,3526
46,3527
46,3528
46,3529
46,3530
46,3531
46,3532
46,3533
46,3534
46,3535
46,3536
46,3537
46,3538
46,3539
46,3540
46,3541
46,3542
46,3543
46,3544
46,3545
46,3546
46,3547
46,3548
46,3549
46,3550
46,3551
46,3552
46,3553
46,3554
46,3555
46,3556
46,3557
46,3558
46,3559
46,3560
46,3561
46,3562
46,3563
46,3564
47,3565
47,3566
47,3567
47,3568
47,3569
47,3570
47,3571
47,3572
47,3573
47,3574
47,3575
47,3576
47,3577
47,3578
47,3579
47,3580
47,3581
47,3582
47,3583
47,3584
47,3585
47,3586
47,3587
47,3588
47,3589
47,3590
47,3591
47,3592
47,3593
47,3594
47,3595
47,3596
47,3597
47,3598
47,3599
47,3600
47,3601
47,3602
47,3603
47,3604
47,3605
47,3606
47,3607
47,3608
47,3609
47,3610
47,3611
47,3612
47,3613
47,3614
47,3615
47,3616
47,3617
47,3618
47,3619
48,3620
48,3621
48,3622
48,3623
48,3624
48,3625
48,3626
48,3627
48,3628
48,3629
48,3630
48,3631
48,3632
48,3633
48,3634
48,3635
48,3636
48,3637
48,3638
48,3639
48,3640
48,3641
48,3642
48,3643
48,3644
48,3645
48,3646
48,3647
48,3648
48,3649
48,3650
48,3651
48,3652
48,3653
48,3654
48,3655
48,3656
48,3657
48,3658
48,3659
48,3660
48,3661
48,3662
48,3663
48,3664
48,3665
48,3666
48,3667
48,3668
48,3669
48,3670
48,3671
48,3672
48,3673
48,3674
48,3675
48,3676
48,3677
48,3678
48,3679
48,3680
48,3681
48,3682
48,3683
48,3684
48,3685
48,3686
48,3687
48,3688
48,3689
48,3690
48,3691
49,3692
49,3693
49,3694
49,3695
49,3696
49,3697
49,3698
49,3699
49,3700
49,3701
49,3702
49,3703
49,3704
49,3705
49,3706
49,3707
49,3708
49,3709
49,3710
49,3711
49,3712
49,3713
49,3714
50,576
50,577
50,582
50,589
50,596
50,597
50,598
50,599
50,606
50,612
50,613
50,614
50,618
50,619
50,636
50,637
50,640
51,643
51,649
52,668
52,669
52,670
52,672
52,675
52,679
52,680
52,681
52,682
53,688
53,690
53,696
53,713
53,716
53,718
53,725
53,729
53,750
53,752
54,761
54,762
54,763
54,765
54,767
54,768
54,771
54,773
54,775
54,776
54,777
54,778
54,780
54,781
54,782
54,783
54,784
54,787
54,788
54,789
54,790
54,791
54,792
54,793
54,794
54,795
54,796
54,797
54,798
54,799
54,801
54,802
54,803
54,804
54,805
54,806
54,807
54,808
54,809
54,810
54,811
54,812
54,813
54,814
54,815
55,818
55,822
55,825
55,830
55,833
55,834
55,836
55,843
55,845
55,846
55,849
55,851
55,854
55,859
55,862
55,864
55,876
55,877
56,880
56,881
56,882
56,883
56,884
56,885
56,886
56,887
57,888
57,889
57,890
58,894
58,896
58,898
58,904
58,906
58,907
58,909
58,910
58,911
58,915
58,916
58,917
58,921
58,923
58,925
58,926
58,927
58,928
58,929
58,930
58,931
58,932
58,933
58,934
58,935
58,936
58,937
58,938
58,939
58,940
58,941
58,944
58,946
58,947
58,948
58,949
58,951
58,952
58,954
58,955
58,956
58,958
59,959
59,960
59,961
59,963
59,967
59,970
59,975
59,979
59,983
59,984
59,985
59,988
59,989
59,991
59,993
59,994
59,996
59,999
59,1000
59,1004
59,1007
59,1012
59,1014
59,1015
59,1018
59,1022
59,1030
59,1037
59,1050
59,1081
59,1082
59,1092
59,1097
59,1098
59,1099
60,1119
60,1120
60,1122
61,1123
61,1124
61,1125
61,1126
61,1128
61,1130
61,1146
61,1149
61,1151
61,1160
61,1161
61,1166
62,1167
62,1168
62,1169
62,1170
62,1171
62,1172
62,1173
62,1174
62,1176
62,1177
62,1179
62,1185
62,1186
62,1188
62,1189
62,1193
62,1194
62,1195
62,1205
62,1214
62,1215
62,1216
62,1221
62,1223
62,1227
62,1231
62,1233
62,1237
62,1245
62,1248
62,1257
62,1258
62,1259
62,1260
62,1262
62,1263
62,1264
62,1265
62,1266
62,1267
63,1269
63,1270
63,1271
63,1273
63,1274
63,1276
63,1278
63,1280
63,1283
63,1284
63,1285
63,1286
63,1294
63,1295
63,1299
63,1300
63,1301
63,1303
63,1304
63,1310
63,1311
63,1312
63,1314
63,1317
63,1318
63,1320
63,1321
63,1327
63,1329
63,1334
63,1337
63,1344
63,1346
63,1347
63,1349
63,1350
63,1351
63,1352
63,1355
63,1356
63,1357
63,1358
63,1360
64,1364
64,1377
64,1380
64,1391
64,1392
64,1393
64,1395
64,1396
64,1399
64,1403
64,1406
64,1407
64,1414
64,1418
64,1425
64,1426
64,1427
64,1431
64,1449
65,1480
65,1487
65,1490
65,1493
65,1501
65,1502
65,1503
65,1507
65,1534
65,1540
65,1549
65,1563
66,1565
66,1566
66,1567
66,1574
66,1581
66,1588
66,1595
66,1596
66,1611
66,1616
66,1634
66,1636
66,1643
66,1659
66,1663
66,1672
67,1685
67,1687
67,1694
67,1697
67,1708
67,1714
67,1716
67,1723
67,1724
67,1725
67,1726
67,1727
67,1728
67,1730
67,1732
67,1733
67,1737
67,1743
67,1744
67,1745
67,1747
67,1748
68,1752
68,1754
68,1756
68,1757
68,1758
68,1759
68,1760
68,1762
68,1763
68,1764
69,1765
69,1766
69,1769
69,1770
69,1771
69,1772
69,1774
69,1775
69,1777
69,1778
69,1781
69,1783
69,1785
69,1786
69,1787
70,1789
70,1790
70,1791
70,1792
70,1793
70,1794
70,1795
70,1796
70,1797
70,1798
70,1799
70,1800
71,1804
71,1805
71,1807
71,1811
71,1813
71,1816
71,1819
71,1821
71,1823
71,1830
71,1833
71,1835
71,1836
71,1846
71,1847
71,1848
71,1854
71,1855
71,1857
71,1858
71,1859
71,1860
71,1861
71,1862
71,1866
71,1867
71,1869
71,1871
71,1872
71,1873
71,1874
71,1875
71,1876
71,1877
71,1878
71,1879
71,1880
71,1883
71,1884
71,1885
72,1888
72,1890
72,1895
72,1898
72,1901
72,1902
72,1903
72,1905
72,1907
72,1909
72,1917
72,1920
72,1926
72,1927
72,1928
72,1929
72,1932
72,1934
72,1936
72,1939
72,1942
72,1944
72,1947
72,1949
72,1950
72,1960
72,1961
72,1965
72,1972
73,1977
73,1979
73,1983
73,1985
73,2005
73,2018
73,2022
73,2024
73,2030
73,2037
73,2042
73,2052
73,2053
73,2054
74,2066
74,2079
74,2088
74,2090
74,2095
74,2096
74,2100
74,2102
74,2106
74,2108
74,2109
74,2110
74,2112
74,2115
74,2116
74,2117
74,2120
74,2123
74,2124
74,2142
74,2144
74,2146
74,2148
74,2152
74,2154
74,2159
74,2165
75,2170
75,2171
75,2176
75,2181
75,2188
75,2190
75,2193
75,2194
75,2203
75,2210
75,2212
75,2216
75,2218
75,2220
75,2223
76,2240
76,2248
76,2257
76,2260
76,2275
76,2280
76,2283
76,2287
76,2288
76,2291
76,2294
76,2300
76,2304
77,2319
77,2320
77,2321
77,2326
77,2328
77,2335
78,2337
78,2338
78,2339
78,2340
78,2342
78,2343
78,2344
79,2346
79,2347
79,2348
79,2349
79,2350
79,2351
79,2352
79,2354
79,2355
79,2356
79,2357
79,2358
79,2359
79,2360
79,2361
79,2362
79,2363
79,2364
79,2365
79,2366
80,2370
80,2375
80,2381
80,2396
81,2402
81,2405
81,2406
81,2407
81,2408
81,2410
81,2411
81,2413
81,2414
81,2415
81,2416
81,2418
81,2419
81,2420
81,2421
81,2422
81,2423
81,2424
81,2426
81,2429
81,2433
81,2436
81,2438
81,2440
81,2441
81,2442
81,2444
81,2445
81,2450
81,2453
81,2454
81,2455
81,2459
81,2460
81,2461
82,2478
82,2480
82,2485
82,2486
82,2487
82,2488
82,2490
82,2491
82,2492
82,2494
82,2495
82,2498
82,2499
82,2500
82,2504
82,2507
82,2508
82,2509
82,2510
82,2511
82,2512
82,2514
82,2515
82,2517
82,2523
82,2525
82,2526
82,2527
82,2528
82,2529
82,2530
82,2533
82,2537
82,2539
82,2543
82,2545
82,2552
82,2554
82,2556
82,2558
82,2560
82,2561
83,2566
83,2570
83,2571
83,2579
83,2580
83,2595
83,2598
83,2599
83,2607
84,2615
84,2617
84,2619
84,2620
84,2621
84,2622
84,2623
84,2624
84,2626
84,2628
84,2629
84,2630
84,2631
84,2634
84,2636
84,2639
84,2640
84,2643
84,2644
84,2645
84,2646
84,2651
84,2653
84,2657
84,2660
84,2662
84,2669
84,2671
84,2672
84,2673
84,2675
84,2678
84,2679
84,2682
84,2683
84,2684
84,2685
84,2688
84,2691
84,2692
84,2702
85,2705
85,2712
85,2714
85,2717
85,2721
85,2722
85,2725
85,2726
85,2727
85,2736
85,2737
85,2741
85,2748
85,2751
85,2752
85,2763
85,2764
86,2780
86,2781
86,2783
86,2785
86,2787
86,2788
86,2790
86,2793
86,2794
86,2795
86,2796
86,2797
86,2799
86,2801
86,2802
86,2803
86,2804
86,2806
86,2807
86,2812
86,2813
86,2815
87,2816
87,2818
87,2819
87,2820
87,2821
87,2823
87,2824
87,2829
87,2831
87,2832
87,2833
87,2834
87,2835
87,2836
87,2839
87,2840
87,2842
87,2843
87,2844
87,2846
87,2847
87,2848
87,2849
87,2853
87,2854
87,2855
87,2856
87,2858
87,2859
87,2860
87,2861
87,2864
87,2865
87,2867
87,2868
87,2870
87,2871
87,2872
87,2873
87,2875
87,2876
87,2880
87,2881
88,2883
88,2885
88,2886
88,2887
89,2888
89,2889
89,2890
89,2891
89,2892
89,2893
89,2894
89,2897
89,2899
89,2904
89,2909
89,2910
89,2912
89,2913
89,2921
89,2922
89,2924
89,2931
89,2933
90,3000
90,3002
90,3011
90,3017
90,3024
90,3028
90,3029
90,3035
90,3041
90,3042
90,3048
90,3051
90,3052
90,3058
90,3061
90,3067
90,3072
90,3081
90,3082
90,3083
90,3089
90,3092
91,3105
91,3130
91,3136
91,3141
91,3151
91,3152
91,3153
91,3165
91,3166
91,3170
91,3171
91,3172
91,3173
91,3174
91,3185
91,3186
91,3187
91,3188
91,3189
91,3190
91,3192
91,3193
91,3195
91,3202
91,3205
91,3211
91,3214
91,3217
91,3220
91,3228
91,3230
91,3231
91,3232
91,3235
91,3240
91,3247
91,3251
91,3252
91,3253
91,3254
91,3256
91,3258
91,3267
91,3270
91,3273
91,3276
91,3279
91,3280
91,3282
91,3283
91,3284
91,3286
91,3288
91,3291
91,3292
91,3293
91,3294
91,3295
91,3296
91,3297
91,3298
91,3300
91,3301
91,3302
91,3305
91,3306
91,3308
91,3311
91,3314
91,3315
91,3319
91,3320
91,3322
91,3325
91,3332
91,3333
91,3334
91,3338
91,3339
91,3345
91,3346
91,3348
92,3349
92,3352
92,3354
92,3358
92,3362
93,3382
93,3383
93,3384
93,3385
93,3388
93,3389
93,3390
93,3391
94,3393
94,3395
94,3398
94,3399
94,3401
94,3405
94,3412
94,3444
94,3448
94,3450
94,3455
94,3457
94,3469
94,3471
94,3475
94,3476
94,3495
94,3498
94,3504
94,3506
94,3515
94,3517
95,3530
95,3531
95,3533
95,3535
95,3536
95,3538
95,3539
95,3540
95,3542
95,3543
95,3546
95,3547
95,3549
95,3550
95,3551
95,3553
95,3554
95,3555
95,3558
95,3561
95,3563
96,3567
96,3569
96,3575
96,3587
96,3596
96,3602
96,3604
96,3605
96,3609
96,3612
96,3613
97,3621
97,3622
97,3628
97,3632
97,3633
97,3634
97,3635
97,3636
97,3637
97,3638
97,3640
97,3641
97,3642
97,3643
97,3645
97,3646
97,3648
97,3649
97,3650
97,3655
97,3656
97,3657
97,3660
97,3661
97,3665
97,3666
97,3667
97,3668
97,3669
97,3670
97,3672
97,3674
97,3675
97,3676
97,3677
97,3678
97,3679
97,3680
97,3681
97,3682
97,3683
97,3684
97,3685
97,3686
97,3687
97,3688
97,3689
97,3690
97,3691
98,3696
98,3697
98,3703
98,3707
98,3709
98,3711
98,3712
98,3713
99,799
100,819
100,820
100,821
100,822
100,824
100,827
100,830
100,833
100,836
100,841
100,843
100,845
100,849
100,855
100,856
100,857
100,860
100,861
100,862
100,864
100,866
100,871
100,872
100,873
100,874
100,876
100,877
101,1168
101,1170
101,1171
101,1172
101,1173
101,1174
101,1175
101,1176
101,1178
101,1179
101,1180
101,1181
101,1182
101,1183
101,1184
101,1185
101,1186
101,1187
101,1188
101,1189
101,1190
101,1191
101,1192
101,1193
101,1194
101,1195
101,1196
101,1197
101,1198
101,1199
101,1200
101,1201
101,1202
101,1203
101,1204
101,1205
101,1206
101,1207
101,1208
101,1209
101,1210
101,1211
101,1212
101,1213
101,1214
101,1215
101,1216
101,1217
101,1218
101,1219
101,1220
101,1221
101,1222
101,1223
101,1224
101,1225
101,1226
101,1227
101,1228
101,1229
101,1230
101,1231
101,1232
101,1233
101,1234
101,1235
101,1236
101,1237
101,1238
101,1239
101,1240
101,1241
101,1242
101,1243
101,1244
101,1245
101,1246
101,1247
101,1248
101,1249
101,1250
101,1251
101,1252
101,1253
101,1254
101,1255
101,1256
101,1257
101,1258
101,1259
101,1260
101,1261
101,1262
101,1263
101,1264
101,1265
101,1266
101,1267
101,1268
102,1803
102,1804
102,1805
102,1806
102,1807
102,1808
102,1809
102,1810
102,1811
102,1812
102,1813
102,1814
102,1815
102,1816
102,1817
102,1818
102,1819
102,1820
102,1821
102,1822
102,1823
102,1824
102,1825
102,1826
102,1827
102,1828
102,1829
102,1830
102,1831
102,1832
102,1833
102,1834
102,1835
102,1836
102,1837
102,1838
102,1839
102,1840
102,1841
102,1842
102,1843
102,1844
102,1845
102,1846
102,1847
102,1848
102,1849
102,1850
102,1851
102,1852
102,1853
102,1854
102,1855
102,1856
102,1857
102,1858
102,1859
102,1860
102,1861
102,1862
102,1863
102,1864
102,1865
102,1866
102,1867
102,1868
102,1869
102,1870
102,1871
102,1872
102,1873
102,1874
102,1875
102,1876
102,1877
102,1878
102,1879
102,1880
102,1881
102,1882
102,1883
102,1884
102,1885
103,1886
103,1887
103,1888
103,1889
103,1890
103,1891
103,1892
103,1893
103,1894
103,1895
103,1896
103,1897
103,1898
103,1899
103,1900
103,1901
103,1902
103,1903
103,1904
103,1905
103,1906
103,1907
103,1908
103,1909
103,1910
103,1911
103,1912
103,1913
103,1914
103,1915
103,1916
103,1917
103,1918
103,1919
103,1920
103,1921
103,1922
103,1923
103,1924
103,1925
103,1926
103,1927
103,1928
103,1929
103,1930
103,1931
103,1932
103,1933
103,1934
103,1935
103,1936
103,1937
103,1938
103,1939
103,1940
103,1941
103,1942
103,1943
103,1944
103,1945
103,1946
103,1947
103,1948
103,1949
103,1950
103,1951
103,1952
103,1953
103,1954
103,1955
103,1956
103,1957
103,1958
103,1959
103,1960
103,1961
103,1962
103,1963
103,1964
103,1965
103,1966
103,1967
103,1968
103,1969
103,1970
103,1971
103,1972
104,2780
104,2781
104,2782
104,2783
104,2784
104,2785
104,2786
104,2787
104,2788
104,2789
104,2790
104,2791
104,2792
104,2793
104,2794
104,2795
104,2796
104,2797
104,2798
104,2799
104,2800
104,2801
104,2802
104,2803
104,2804
104,2805
104,2806
104,2807
104,2808
104,2809
104,2810
104,2811
104,2812
104,2813
104,2814
104,2815
105,2816
105,2817
105,2818
105,2819
105,2820
105,2821
105,2822
105,2823
105,2824
105,2825
105,2826
105,2827
105,2828
105,2829
105,2830
105,2831
105,2832
105,2833
105,2834
105,2835
105,2836
105,2837
105,2838
105,2839
105,2840
105,2841
105,2842
105,2843
105,2844
105,2845
105,2846
105,2847
105,2848
105,2849
105,2850
105,2851
105,2852
105,2853
105,2854
105,2855
105,2856
105,2857
105,2858
105,2859
105,2860
105,2861
105,2862
105,2863
105,2864
105,2865
105,2866
105,2867
105,2868
105,2869
105,2870
105,2871
105,2872
105,2873
105,2874
105,2875
105,2876
105,2877
105,2878
105,2879
105,2880
105,2881
105,2882
106,3526
106,3527
106,3528
106,3529
106,3530
106,3531
106,3532
106,3533
106,3534
106,3535
106,3536
106,3537
106,3538
106,3539
106,3540
106,3541
106,3542
106,3543
106,3544
106,3545
106,3546
106,3547
106,3548
106,3549
106,3550
106,3551
106,3552
106,3553
106,3554
106,3555
106,3556
106,3557
106,3558
106,3559
106,3560
106,3561
106,3562
106,3563
106,3564
107,3692
107,3693
107,3694
107,3695
107,3696
107,3697
107,3698
107,3699
107,3700
107,3701
107,3702
107,3703
107,3704
107,3705
107,3706
107,3707
107,3708
107,3709
107,3710
107,3711
107,3712
107,3713
107,3714
108,1168
108,1170
108,1171
108,1172
108,1173
108,1174
108,1176
108,1179
108,1185
108,1186
108,1188
108,1189
108,1193
108,1194
108,1195
108,1205
108,1214
108,1215
108,1216
108,1221
108,1223
108,1227
108,1233
108,1237
108,1245
108,1248
108,1257
108,1258
108,1259
108,1260
108,1262
108,1263
108,1264
108,1265
108,1266
108,1267
109,1395
109,1406
109,1414
109,1418
109,1425
109,1426
110,1804
110,1805
110,1807
110,1808
110,1811
110,1813
110,1819
110,1821
110,1823
110,1830
110,1833
110,1835
110,1836
111,1890
111,1895
111,1898
111,1901
111,1902
111,1903
111,1904
111,1905
111,1907
111,1909
111,1920
111,1926
111,1927
111,1928
111,1929
111,1932
111,1934
111,1936
111,1939
111,1942
111,1944
111,1947
111,1949
111,1950
111,1960
111,1961
111,1965
111,1972
112,2780
112,2781
112,2783
112,2785
112,2787
112,2788
112,2790
112,2791
112,2793
112,2794
112,2795
112,2796
112,2797
112,2799
112,2800
112,2801
112,2802
112,2803
112,2804
112,2806
112,2807
112,2812
112,2813
112,2815
113,3383
113,3384
113,3385
113,3388
113,3389
113,3390
113,3391
114,3536
114,3538
114,3539
114,3540
114,3542
114,3546
114,3549
114,3550
114,3553
114,3558
114,3561
115,3697
115,3703
115,3711
