context_id,location_id
1,596
1,619
1,649
1,725
1,761
1,773
1,778
1,780
1,781
1,782
1,787
1,788
1,789
1,790
1,792
1,794
1,796
1,799
1,801
1,803
1,808
1,809
1,811
1,813
1,814
1,815
1,822
1,888
1,898
1,921
1,933
1,938
1,952
1,956
1,988
1,994
1,999
1,1011
1,1015
1,1037
1,1050
1,1082
1,1120
1,1122
1,1195
1,1260
1,1263
1,1264
1,1266
1,1269
1,1311
1,1327
1,1426
1,1493
1,1501
1,1724
1,1737
1,1762
1,1771
1,1774
1,1775
1,1783
1,1789
1,1790
1,1792
1,1793
1,1794
1,1795
1,1796
1,1797
1,1798
1,1800
1,1867
1,1869
1,1873
1,1874
1,1876
1,1890
1,1934
1,1936
1,1939
1,2024
1,2106
1,2108
1,2194
1,2342
1,2347
1,2348
1,2351
1,2352
1,2354
1,2355
1,2356
1,2358
1,2359
1,2361
1,2375
1,2381
1,2396
1,2411
1,2414
1,2418
1,2423
1,2425
1,2427
1,2428
1,2430
1,2440
1,2442
1,2445
1,2487
1,2490
1,2491
1,2498
1,2529
1,2543
1,2615
1,2619
1,2669
1,2691
1,2788
1,2790
1,2807
1,2855
1,2861
1,2867
1,2871
1,2873
1,2883
1,2887
1,2912
1,3029
1,3081
1,3173
1,3228
1,3279
1,3296
1,3308
1,3334
1,3346
1,3348
1,3384
1,3393
1,3401
1,3405
1,3450
1,3455
1,3498
1,3504
1,3530
1,3535
1,3542
1,3543
1,3550
1,3645
1,3683
1,3686
2,576
2,668
2,669
2,675
2,680
2,696
2,767
2,775
2,777
2,791
2,795
2,797
2,798
2,804
2,805
2,806
2,807
2,810
2,812
2,843
2,849
2,856
2,889
2,906
2,932
2,939
2,940
2,946
2,947
2,989
2,991
2,1004
2,1007
2,1012
2,1151
2,1168
2,1169
2,1170
2,1186
2,1188
2,1205
2,1233
2,1257
2,1258
2,1265
2,1270
2,1278
2,1295
2,1303
2,1355
2,1356
2,1357
2,1395
2,1406
2,1418
2,1425
2,1427
2,1490
2,1502
2,1540
2,1588
2,1595
2,1685
2,1748
2,1752
2,1757
2,1758
2,1764
2,1772
2,1778
2,1785
2,1799
2,1846
2,1854
2,1855
2,1859
2,1860
2,1866
2,1871
2,1877
2,1879
2,1928
2,1932
2,1938
2,1942
2,1960
2,2088
2,2090
2,2095
2,2096
2,2216
2,2275
2,2283
2,2287
2,2321
2,2335
2,2340
2,2343
2,2344
2,2350
2,2353
2,2357
2,2362
2,2364
2,2365
2,2374
2,2407
2,2410
2,2419
2,2421
2,2424
2,2426
2,2429
2,2432
2,2438
2,2446
2,2459
2,2486
2,2488
2,2512
2,2514
2,2523
2,2555
2,2560
2,2598
2,2621
2,2622
2,2624
2,2628
2,2636
2,2660
2,2675
2,2741
2,2793
2,2794
2,2795
2,2806
2,2813
2,2818
2,2832
2,2834
2,2842
2,2848
2,2853
2,2856
2,2858
2,2863
2,2875
2,2885
2,2909
2,2915
2,2931
2,2933
2,3003
2,3082
2,3151
2,3153
2,3172
2,3254
2,3270
2,3288
2,3294
2,3306
2,3339
2,3358
2,3412
2,3457
2,3506
2,3515
2,3531
2,3539
2,3547
2,3551
2,3563
2,3569
2,3637
2,3667
2,3668
2,3672
2,3688
2,3690
2,3691
3,575
3,581
3,589
3,593
3,598
3,599
3,613
3,636
3,637
3,640
3,670
3,672
3,679
3,681
3,688
3,701
3,713
3,718
3,728
3,729
3,763
3,845
3,890
3,907
3,909
3,910
3,911
3,915
3,917
3,925
3,927
3,928
3,929
3,930
3,931
3,934
3,935
3,936
3,937
3,941
3,943
3,944
3,949
3,951
3,954
3,955
3,960
3,979
3,982
3,983
3,984
3,993
3,1002
3,1009
3,1014
3,1017
3,1048
3,1116
3,1126
3,1149
3,1153
3,1171
3,1177
3,1189
3,1204
3,1227
3,1299
3,1300
3,1312
3,1318
3,1320
3,1344
3,1358
3,1396
3,1565
3,1567
3,1606
3,1615
3,1659
3,1686
3,1694
3,1711
3,1716
3,1725
3,1727
3,1730
3,1733
3,1734
3,1747
3,1765
3,1767
3,1769
3,1770
3,1786
3,1861
3,1862
3,1868
3,1870
3,1875
3,1880
3,1920
3,1927
3,1977
3,2018
3,2021
3,2052
3,2053
3,2102
3,2107
3,2112
3,2116
3,2146
3,2148
3,2171
3,2212
3,2346
3,2349
3,2360
3,2368
3,2431
3,2433
3,2435
3,2436
3,2455
3,2500
3,2503
3,2508
3,2511
3,2513
3,2515
3,2524
3,2528
3,2530
3,2533
3,2537
3,2545
3,2552
3,2554
3,2561
3,2629
3,2631
3,2639
3,2640
3,2643
3,2644
3,2645
3,2663
3,2666
3,2671
3,2673
3,2678
3,2684
3,2685
3,2692
3,2702
3,2725
3,2740
3,2752
3,2763
3,2802
3,2809
3,2824
3,2826
3,2829
3,2836
3,2843
3,2846
3,2849
3,2851
3,2854
3,2859
3,2860
3,2864
3,2865
3,2868
3,2870
3,2872
3,2888
3,2889
3,2891
3,2892
3,2897
3,2910
3,2913
3,2921
3,2924
3,2927
3,3002
3,3007
3,3024
3,3033
3,3042
3,3048
3,3051
3,3058
3,3061
3,3092
3,3105
3,3110
3,3130
3,3134
3,3141
3,3152
3,3171
3,3174
3,3186
3,3189
3,3190
3,3191
3,3193
3,3194
3,3214
3,3217
3,3230
3,3235
3,3267
3,3280
3,3301
3,3305
3,3314
3,3315
3,3349
3,3352
3,3355
3,3362
3,3376
3,3435
3,3555
3,3561
3,3575
3,3604
3,3661
3,3676
3,3677
3,3681
3,3685
3,3689
3,3713
4,604
4,609
4,610
4,611
4,615
4,616
4,620
4,622
4,623
4,671
4,682
4,727
4,732
4,736
4,753
4,768
4,779
4,783
4,802
4,821
4,833
4,834
4,836
4,844
4,846
4,847
4,858
4,859
4,864
4,867
4,874
4,876
4,897
4,1005
4,1008
4,1013
4,1019
4,1040
4,1056
4,1068
4,1073
4,1080
4,1092
4,1093
4,1119
4,1146
4,1692
4,1697
4,1735
4,1760
4,1763
4,1791
4,1801
4,1802
4,1972
4,1979
4,1985
4,1987
4,1993
4,1996
4,1998
4,1999
4,2005
4,2007
4,2008
4,2010
4,2012
4,2017
4,2028
4,2032
4,2035
4,2037
4,2045
4,2172
4,2218
4,2337
4,2345
4,2369
4,2370
4,2372
4,2376
4,2377
4,2378
4,2382
4,2416
4,2453
4,2466
4,2467
4,2470
4,2476
4,2477
4,2489
4,2494
4,2505
4,2546
4,2566
4,2687
4,2791
4,2799
4,2803
4,2884
4,2886
4,2899
4,2903
4,2908
4,2911
4,2919
4,2923
4,2926
4,2929
4,2930
4,3278
4,3323
4,3331
4,3341
4,3343
4,3347
4,3354
4,3379
4,3382
4,3383
4,3385
4,3386
4,3387
4,3388
4,3390
4,3391
4,3402
4,3444
4,3463
4,3475
4,3486
4,3497
4,3501
4,3517
4,3520
4,3532
4,3538
4,3620
4,3649
4,3662
4,3697
5,617
5,618
5,624
5,631
5,700
5,715
5,716
5,720
5,726
5,739
5,742
5,743
5,748
5,762
5,772
5,800
5,825
5,830
5,832
5,851
5,866
5,871
5,872
5,878
5,899
5,958
5,1024
5,1025
5,1026
5,1032
5,1035
5,1039
5,1047
5,1055
5,1065
5,1070
5,1079
5,1088
5,1096
5,1101
5,1128
5,1147
5,1179
5,1245
5,1267
5,1365
5,1374
5,1378
5,1384
5,1391
5,1394
5,1412
5,1413
5,1414
5,1415
5,1419
5,1428
5,1434
5,1444
5,1449
5,1459
5,1480
5,1508
5,1589
5,1702
5,1717
5,1726
5,1729
5,1736
5,1754
5,1755
5,1756
5,1759
5,1761
5,1773
5,1781
5,1788
5,1807
5,1818
5,1826
5,1830
5,1832
5,1849
5,1865
5,1892
5,1893
5,1900
5,1904
5,1908
5,1949
5,1951
5,1953
5,1961
5,1970
5,1978
5,1984
5,1991
5,1995
5,2000
5,2004
5,2013
5,2020
5,2025
5,2030
5,2042
5,2047
5,2177
5,2181
5,2190
5,2214
5,2221
5,2243
5,2329
5,2336
5,2338
5,2339
5,2341
5,2371
5,2389
5,2395
5,2399
5,2400
5,2401
5,2402
5,2406
5,2412
5,2420
5,2422
5,2437
5,2443
5,2447
5,2450
5,2469
5,2472
5,2474
5,2478
5,2480
5,2485
5,2492
5,2497
5,2509
5,2510
5,2520
5,2521
5,2527
5,2535
5,2547
5,2550
5,2553
5,2557
5,2579
5,2626
5,2780
5,2781
5,2787
5,2792
5,2797
5,2896
5,2901
5,2904
5,2916
5,2918
5,2920
5,2922
5,2925
5,2928
5,2932
5,3066
5,3224
5,3276
5,3290
5,3300
5,3324
5,3325
5,3337
5,3338
5,3340
5,3342
5,3345
5,3368
5,3373
5,3378
5,3380
5,3381
5,3389
5,3395
5,3421
5,3424
5,3426
5,3432
5,3433
5,3436
5,3441
5,3446
5,3448
5,3459
5,3465
5,3469
5,3471
5,3476
5,3483
5,3485
5,3492
5,3509
5,3533
5,3534
5,3536
5,3544
5,3545
5,3546
5,3549
5,3552
5,3558
5,3560
5,3564
5,3578
5,3621
5,3622
5,3636
5,3646
5,3647
5,3648
5,3660
5,3665
5,3678
5,3679
5,3687
5,3711
6,574
6,577
6,578
6,579
6,580
6,582
6,583
6,584
6,585
6,586
6,587
6,588
6,590
6,591
6,592
6,594
6,595
6,597
6,600
6,601
6,602
6,603
6,605
6,606
6,607
6,608
6,612
6,614
6,621
6,625
6,626
6,627
6,628
6,629
6,630
6,632
6,633
6,634
6,635
6,638
6,639
6,673
6,676
6,677
6,683
6,684
6,685
6,686
6,687
6,689
6,690
6,691
6,692
6,693
6,694
6,695
6,697
6,698
6,699
6,702
6,703
6,704
6,705
6,706
6,707
6,708
6,709
6,710
6,711
6,712
6,714
6,717
6,719
6,721
6,722
6,723
6,724
6,730
6,731
6,733
6,734
6,735
6,737
6,738
6,740
6,741
6,744
6,745
6,746
6,747
6,749
6,750
6,751
6,752
6,754
6,755
6,756
6,757
6,758
6,759
6,760
6,764
6,765
6,766
6,769
6,770
6,771
6,774
6,776
6,784
6,785
6,786
6,793
6,816
6,818
6,819
6,820
6,823
6,824
6,826
6,827
6,829
6,839
6,840
6,841
6,842
6,848
6,850
6,852
6,853
6,854
6,855
6,857
6,860
6,861
6,862
6,863
6,865
6,868
6,869
6,870
6,873
6,875
6,877
6,892
6,893
6,894
6,895
6,896
6,900
6,901
6,902
6,903
6,904
6,905
6,908
6,912
6,913
6,914
6,916
6,918
6,919
6,920
6,922
6,923
6,924
6,926
6,942
6,945
6,948
6,950
6,953
6,959
6,961
6,962
6,963
6,964
6,965
6,966
6,967
6,968
6,969
6,970
6,971
6,972
6,973
6,974
6,975
6,976
6,977
6,978
6,980
6,981
6,985
6,986
6,987
6,990
6,992
6,995
6,996
6,997
6,998
6,1000
6,1001
6,1003
6,1006
6,1010
6,1016
6,1018
6,1020
6,1021
6,1022
6,1023
6,1027
6,1028
6,1029
6,1030
6,1031
6,1033
6,1034
6,1036
6,1038
6,1041
6,1042
6,1043
6,1044
6,1045
6,1046
6,1049
6,1051
6,1052
6,1053
6,1054
6,1057
6,1058
6,1059
6,1060
6,1061
6,1062
6,1063
6,1064
6,1066
6,1067
6,1069
6,1071
6,1072
6,1074
6,1075
6,1077
6,1078
6,1081
6,1083
6,1084
6,1085
6,1086
6,1087
6,1089
6,1090
6,1091
6,1094
6,1095
6,1097
6,1098
6,1099
6,1102
6,1103
6,1104
6,1105
6,1106
6,1107
6,1108
6,1109
6,1110
6,1111
6,1112
6,1113
6,1114
6,1115
6,1123
6,1124
6,1125
6,1127
6,1129
6,1130
6,1131
6,1132
6,1133
6,1134
6,1135
6,1136
6,1137
6,1138
6,1139
6,1140
6,1141
6,1142
6,1143
6,1144
6,1145
6,1148
6,1150
6,1152
6,1154
6,1155
6,1156
6,1157
6,1158
6,1159
6,1160
6,1161
6,1162
6,1163
6,1164
6,1165
6,1166
6,1167
6,1172
6,1173
6,1174
6,1175
6,1176
6,1178
6,1180
6,1181
6,1182
6,1183
6,1184
6,1185
6,1187
6,1190
6,1191
6,1192
6,1193
6,1194
6,1196
6,1197
6,1198
6,1199
6,1200
6,1201
6,1202
6,1203
6,1206
6,1207
6,1208
6,1209
6,1210
6,1211
6,1212
6,1213
6,1214
6,1215
6,1216
6,1217
6,1218
6,1219
6,1220
6,1221
6,1222
6,1223
6,1224
6,1225
6,1226
6,1228
6,1229
6,1230
6,1231
6,1232
6,1234
6,1235
6,1236
6,1237
6,1238
6,1239
6,1240
6,1241
6,1242
6,1243
6,1244
6,1246
6,1247
6,1248
6,1249
6,1250
6,1251
6,1252
6,1253
6,1254
6,1255
6,1256
6,1259
6,1261
6,1262
6,1268
6,1271
6,1272
6,1273
6,1274
6,1275
6,1276
6,1277
6,1279
6,1280
6,1281
6,1282
6,1283
6,1284
6,1285
6,1286
6,1287
6,1288
6,1289
6,1290
6,1291
6,1292
6,1293
6,1294
6,1296
6,1297
6,1298
6,1301
6,1302
6,1304
6,1305
6,1306
6,1307
6,1308
6,1309
6,1310
6,1313
6,1314
6,1315
6,1316
6,1317
6,1319
6,1321
6,1322
6,1323
6,1324
6,1325
6,1326
6,1328
6,1329
6,1330
6,1331
6,1332
6,1333
6,1334
6,1335
6,1336
6,1337
6,1338
6,1339
6,1340
6,1341
6,1342
6,1343
6,1345
6,1346
6,1347
6,1348
6,1349
6,1350
6,1351
6,1352
6,1353
6,1354
6,1359
6,1360
6,1361
6,1362
6,1363
6,1364
6,1366
6,1367
6,1368
6,1369
6,1370
6,1371
6,1372
6,1373
6,1375
6,1376
6,1377
6,1379
6,1380
6,1381
6,1382
6,1383
6,1385
6,1386
6,1387
6,1388
6,1389
6,1390
6,1392
6,1393
6,1397
6,1398
6,1399
6,1400
6,1401
6,1402
6,1403
6,1404
6,1405
6,1407
6,1408
6,1409
6,1410
6,1411
6,1416
6,1417
6,1420
6,1421
6,1422
6,1423
6,1424
6,1429
6,1430
6,1431
6,1432
6,1433
6,1435
6,1436
6,1437
6,1438
6,1439
6,1440
6,1441
6,1442
6,1443
6,1445
6,1446
6,1447
6,1448
6,1450
6,1451
6,1452
6,1453
6,1454
6,1455
6,1456
6,1457
6,1458
6,1460
6,1461
6,1462
6,1463
6,1464
6,1465
6,1466
6,1467
6,1468
6,1469
6,1470
6,1471
6,1472
6,1473
6,1474
6,1475
6,1476
6,1477
6,1478
6,1479
6,1481
6,1482
6,1483
6,1484
6,1485
6,1486
6,1487
6,1488
6,1489
6,1491
6,1492
6,1494
6,1495
6,1496
6,1497
6,1498
6,1499
6,1500
6,1503
6,1504
6,1505
6,1506
6,1507
6,1509
6,1510
6,1511
6,1512
6,1513
6,1514
6,1515
6,1516
6,1517
6,1518
6,1519
6,1520
6,1521
6,1522
6,1523
6,1524
6,1525
6,1526
6,1527
6,1528
6,1529
6,1530
6,1531
6,1532
6,1533
6,1534
6,1535
6,1536
6,1537
6,1538
6,1539
6,1541
6,1542
6,1543
6,1544
6,1545
6,1546
6,1547
6,1548
6,1549
6,1550
6,1551
6,1552
6,1553
6,1554
6,1555
6,1556
6,1557
6,1558
6,1559
6,1560
6,1561
6,1562
6,1563
6,1564
6,1566
6,1568
6,1569
6,1570
6,1571
6,1572
6,1573
6,1574
6,1575
6,1576
6,1577
6,1578
6,1579
6,1580
6,1581
6,1582
6,1583
6,1584
6,1585
6,1586
6,1587
6,1590
6,1591
6,1592
6,1593
6,1594
6,1596
6,1597
6,1598
6,1599
6,1600
6,1601
6,1602
6,1603
6,1604
6,1605
6,1607
6,1608
6,1609
6,1610
6,1611
6,1612
6,1613
6,1614
6,1616
6,1617
6,1618
6,1619
6,1620
6,1621
6,1622
6,1623
6,1624
6,1625
6,1626
6,1627
6,1628
6,1629
6,1630
6,1631
6,1632
6,1633
6,1634
6,1635
6,1636
6,1637
6,1638
6,1639
6,1640
6,1641
6,1642
6,1643
6,1644
6,1645
6,1646
6,1647
6,1648
6,1649
6,1650
6,1651
6,1652
6,1653
6,1654
6,1655
6,1656
6,1657
6,1658
6,1660
6,1661
6,1662
6,1663
6,1664
6,1665
6,1666
6,1667
6,1668
6,1669
6,1670
6,1671
6,1672
6,1673
6,1674
6,1675
6,1676
6,1677
6,1678
6,1679
6,1680
6,1681
6,1682
6,1683
6,1684
6,1687
6,1688
6,1689
6,1690
6,1691
6,1693
6,1695
6,1696
6,1698
6,1699
6,1700
6,1701
6,1703
6,1704
6,1705
6,1706
6,1707
6,1708
6,1709
6,1710
6,1712
6,1713
6,1714
6,1715
6,1718
6,1719
6,1720
6,1721
6,1722
6,1723
6,1728
6,1731
6,1732
6,1738
6,1739
6,1740
6,1741
6,1742
6,1743
6,1744
6,1745
6,1746
6,1749
6,1750
6,1751
6,1753
6,1766
6,1768
6,1777
6,1779
6,1782
6,1784
6,1787
6,1803
6,1804
6,1805
6,1806
6,1808
6,1809
6,1810
6,1811
6,1812
6,1813
6,1814
6,1815
6,1816
6,1817
6,1819
6,1820
6,1821
6,1822
6,1823
6,1824
6,1825
6,1827
6,1828
6,1829
6,1831
6,1833
6,1834
6,1835
6,1836
6,1837
6,1838
6,1839
6,1840
6,1841
6,1842
6,1843
6,1844
6,1845
6,1847
6,1848
6,1850
6,1851
6,1852
6,1853
6,1856
6,1857
6,1858
6,1863
6,1864
6,1872
6,1878
6,1881
6,1882
6,1883
6,1884
6,1885
6,1886
6,1887
6,1888
6,1889
6,1891
6,1894
6,1895
6,1896
6,1897
6,1898
6,1899
6,1901
6,1902
6,1903
6,1905
6,1906
6,1907
6,1909
6,1910
6,1911
6,1912
6,1913
6,1914
6,1915
6,1916
6,1917
6,1918
6,1919
6,1921
6,1922
6,1923
6,1924
6,1925
6,1926
6,1929
6,1930
6,1931
6,1933
6,1935
6,1937
6,1940
6,1941
6,1943
6,1944
6,1945
6,1946
6,1947
6,1948
6,1950
6,1952
6,1954
6,1955
6,1956
6,1957
6,1958
6,1959
6,1962
6,1963
6,1964
6,1965
6,1966
6,1967
6,1968
6,1969
6,1971
6,1973
6,1974
6,1975
6,1976
6,1980
6,1981
6,1982
6,1983
6,1986
6,1988
6,1989
6,1990
6,1992
6,1994
6,1997
6,2001
6,2002
6,2003
6,2006
6,2009
6,2011
6,2015
6,2016
6,2019
6,2022
6,2023
6,2026
6,2027
6,2029
6,2031
6,2033
6,2034
6,2036
6,2038
6,2039
6,2040
6,2041
6,2043
6,2044
6,2046
6,2048
6,2049
6,2050
6,2051
6,2054
6,2055
6,2056
6,2057
6,2058
6,2059
6,2060
6,2061
6,2062
6,2064
6,2065
6,2066
6,2067
6,2068
6,2069
6,2070
6,2071
6,2072
6,2073
6,2074
6,2075
6,2076
6,2077
6,2078
6,2079
6,2080
6,2081
6,2082
6,2083
6,2084
6,2085
6,2086
6,2087
6,2089
6,2091
6,2092
6,2093
6,2094
6,2097
6,2098
6,2099
6,2100
6,2101
6,2103
6,2104
6,2105
6,2109
6,2110
6,2111
6,2113
6,2114
6,2115
6,2117
6,2118
6,2119
6,2120
6,2121
6,2122
6,2123
6,2124
6,2125
6,2126
6,2127
6,2128
6,2129
6,2130
6,2131
6,2132
6,2133
6,2134
6,2135
6,2136
6,2137
6,2138
6,2139
6,2140
6,2141
6,2142
6,2143
6,2144
6,2145
6,2147
6,2149
6,2150
6,2151
6,2152
6,2153
6,2154
6,2155
6,2156
6,2157
6,2158
6,2159
6,2160
6,2161
6,2162
6,2163
6,2164
6,2165
6,2166
6,2167
6,2168
6,2169
6,2170
6,2173
6,2174
6,2175
6,2176
6,2178
6,2179
6,2180
6,2182
6,2183
6,2184
6,2185
6,2186
6,2187
6,2188
6,2189
6,2191
6,2192
6,2193
6,2195
6,2196
6,2197
6,2198
6,2199
6,2200
6,2201
6,2202
6,2203
6,2204
6,2205
6,2207
6,2208
6,2209
6,2210
6,2211
6,2215
6,2219
6,2220
6,2222
6,2223
6,2224
6,2225
6,2226
6,2227
6,2228
6,2229
6,2230
6,2231
6,2232
6,2233
6,2234
6,2235
6,2236
6,2237
6,2238
6,2239
6,2240
6,2241
6,2242
6,2244
6,2245
6,2246
6,2249
6,2250
6,2251
6,2252
6,2254
6,2255
6,2256
6,2257
6,2258
6,2259
6,2260
6,2261
6,2266
6,2267
6,2269
6,2270
6,2271
6,2272
6,2273
6,2274
6,2276
6,2277
6,2278
6,2279
6,2280
6,2281
6,2282
6,2284
6,2285
6,2286
6,2288
6,2289
6,2290
6,2291
6,2292
6,2293
6,2294
6,2295
6,2296
6,2297
6,2299
6,2300
6,2301
6,2302
6,2303
6,2304
6,2305
6,2306
6,2307
6,2308
6,2309
6,2310
6,2311
6,2312
6,2313
6,2314
6,2315
6,2316
6,2317
6,2318
6,2319
6,2320
6,2322
6,2323
6,2324
6,2325
6,2326
6,2327
6,2328
6,2330
6,2331
6,2332
6,2333
6,2363
6,2366
6,2367
6,2373
6,2379
6,2383
6,2384
6,2386
6,2387
6,2388
6,2390
6,2391
6,2392
6,2393
6,2394
6,2397
6,2398
6,2403
6,2404
6,2405
6,2408
6,2409
6,2413
6,2415
6,2417
6,2434
6,2439
6,2441
6,2444
6,2448
6,2449
6,2451
6,2452
6,2454
6,2456
6,2457
6,2458
6,2460
6,2461
6,2462
6,2463
6,2464
6,2465
6,2468
6,2471
6,2473
6,2475
6,2479
6,2481
6,2482
6,2483
6,2484
6,2493
6,2495
6,2496
6,2499
6,2501
6,2502
6,2504
6,2506
6,2507
6,2516
6,2517
6,2518
6,2519
6,2522
6,2525
6,2526
6,2531
6,2532
6,2534
6,2536
6,2538
6,2539
6,2540
6,2541
6,2542
6,2544
6,2548
6,2549
6,2551
6,2556
6,2558
6,2559
6,2562
6,2563
6,2564
6,2565
6,2567
6,2568
6,2569
6,2570
6,2571
6,2572
6,2573
6,2574
6,2575
6,2576
6,2578
6,2580
6,2581
6,2582
6,2583
6,2584
6,2585
6,2588
6,2589
6,2590
6,2592
6,2593
6,2594
6,2595
6,2597
6,2599
6,2600
6,2601
6,2602
6,2603
6,2604
6,2606
6,2607
6,2608
6,2610
6,2611
6,2612
6,2613
6,2614
6,2616
6,2617
6,2618
6,2620
6,2623
6,2625
6,2627
6,2630
6,2632
6,2633
6,2634
6,2635
6,2637
6,2638
6,2641
6,2642
6,2646
6,2647
6,2648
6,2649
6,2650
6,2651
6,2652
6,2653
6,2654
6,2655
6,2656
6,2657
6,2658
6,2659
6,2661
6,2662
6,2664
6,2665
6,2667
6,2668
6,2670
6,2672
6,2674
6,2676
6,2677
6,2679
6,2680
6,2681
6,2682
6,2683
6,2686
6,2688
6,2689
6,2690
6,2693
6,2694
6,2695
6,2696
6,2697
6,2698
6,2699
6,2700
6,2701
6,2703
6,2704
6,2705
6,2706
6,2707
6,2708
6,2709
6,2710
6,2711
6,2712
6,2713
6,2714
6,2715
6,2716
6,2717
6,2718
6,2719
6,2720
6,2721
6,2722
6,2723
6,2724
6,2726
6,2727
6,2728
6,2729
6,2730
6,2731
6,2732
6,2733
6,2734
6,2735
6,2736
6,2737
6,2738
6,2739
6,2742
6,2743
6,2744
6,2745
6,2746
6,2747
6,2748
6,2749
6,2750
6,2751
6,2753
6,2754
6,2755
6,2756
6,2757
6,2758
6,2759
6,2760
6,2761
6,2762
6,2764
6,2765
6,2766
6,2767
6,2768
6,2769
6,2770
6,2771
6,2772
6,2773
6,2774
6,2775
6,2776
6,2777
6,2778
6,2779
6,2782
6,2783
6,2784
6,2785
6,2786
6,2789
6,2796
6,2798
6,2800
6,2801
6,2804
6,2805
6,2808
6,2810
6,2811
6,2812
6,2814
6,2815
6,2816
6,2817
6,2819
6,2820
6,2821
6,2822
6,2823
6,2825
6,2827
6,2828
6,2830
6,2831
6,2833
6,2835
6,2837
6,2838
6,2839
6,2840
6,2841
6,2844
6,2845
6,2847
6,2850
6,2852
6,2857
6,2862
6,2866
6,2869
6,2874
6,2876
6,2877
6,2878
6,2879
6,2880
6,2881
6,2882
6,2890
6,2893
6,2894
6,2895
6,2898
6,2900
6,2902
6,2905
6,2906
6,2907
6,2914
6,2917
6,3000
6,3001
6,3004
6,3005
6,3006
6,3008
6,3009
6,3010
6,3011
6,3012
6,3013
6,3014
6,3015
6,3016
6,3017
6,3018
6,3019
6,3020
6,3021
6,3022
6,3023
6,3025
6,3026
6,3027
6,3028
6,3030
6,3031
6,3032
6,3034
6,3035
6,3036
6,3037
6,3038
6,3039
6,3040
6,3041
6,3043
6,3044
6,3045
6,3046
6,3047
6,3049
6,3050
6,3052
6,3053
6,3054
6,3055
6,3056
6,3057
6,3059
6,3060
6,3062
6,3063
6,3064
6,3065
6,3067
6,3068
6,3069
6,3070
6,3071
6,3072
6,3073
6,3074
6,3075
6,3076
6,3077
6,3078
6,3079
6,3080
6,3083
6,3084
6,3085
6,3086
6,3087
6,3088
6,3089
6,3090
6,3091
6,3093
6,3094
6,3095
6,3096
6,3097
6,3098
6,3099
6,3100
6,3101
6,3102
6,3103
6,3104
6,3106
6,3107
6,3108
6,3109
6,3111
6,3112
6,3113
6,3114
6,3115
6,3116
6,3117
6,3118
6,3119
6,3120
6,3121
6,3122
6,3123
6,3124
6,3125
6,3126
6,3127
6,3128
6,3129
6,3131
6,3132
6,3133
6,3135
6,3136
6,3137
6,3139
6,3140
6,3142
6,3143
6,3144
6,3145
6,3146
6,3147
6,3148
6,3149
6,3150
6,3154
6,3155
6,3156
6,3157
6,3158
6,3159
6,3160
6,3161
6,3162
6,3163
6,3164
6,3165
6,3166
6,3167
6,3168
6,3169
6,3170
6,3175
6,3176
6,3177
6,3178
6,3179
6,3181
6,3182
6,3183
6,3184
6,3185
6,3187
6,3188
6,3192
6,3195
6,3196
6,3197
6,3198
6,3199
6,3200
6,3201
6,3202
6,3203
6,3204
6,3205
6,3206
6,3207
6,3208
6,3209
6,3210
6,3211
6,3212
6,3213
6,3215
6,3216
6,3218
6,3219
6,3220
6,3221
6,3222
6,3223
6,3225
6,3227
6,3229
6,3231
6,3232
6,3233
6,3234
6,3236
6,3237
6,3238
6,3239
6,3240
6,3241
6,3242
6,3243
6,3244
6,3245
6,3246
6,3247
6,3248
6,3249
6,3250
6,3251
6,3252
6,3253
6,3255
6,3256
6,3257
6,3258
6,3259
6,3260
6,3261
6,3262
6,3263
6,3264
6,3265
6,3266
6,3268
6,3269
6,3271
6,3272
6,3273
6,3274
6,3275
6,3277
6,3281
6,3282
6,3283
6,3284
6,3285
6,3286
6,3287
6,3289
6,3291
6,3292
6,3293
6,3295
6,3297
6,3298
6,3299
6,3302
6,3303
6,3304
6,3307
6,3309
6,3310
6,3311
6,3312
6,3313
6,3316
6,3317
6,3318
6,3319
6,3320
6,3321
6,3322
6,3326
6,3327
6,3328
6,3329
6,3330
6,3332
6,3333
6,3335
6,3336
6,3350
6,3351
6,3353
6,3356
6,3359
6,3360
6,3361
6,3363
6,3364
6,3365
6,3366
6,3367
6,3369
6,3370
6,3371
6,3372
6,3374
6,3375
6,3377
6,3392
6,3394
6,3396
6,3398
6,3399
6,3404
6,3407
6,3410
6,3411
6,3413
6,3415
6,3417
6,3419
6,3423
6,3427
6,3428
6,3434
6,3437
6,3439
6,3440
6,3442
6,3443
6,3445
6,3447
6,3451
6,3452
6,3453
6,3456
6,3458
6,3460
6,3461
6,3462
6,3464
6,3467
6,3468
6,3473
6,3474
6,3477
6,3478
6,3479
6,3480
6,3481
6,3484
6,3487
6,3489
6,3490
6,3491
6,3493
6,3494
6,3495
6,3496
6,3499
6,3502
6,3505
6,3507
6,3508
6,3511
6,3512
6,3513
6,3514
6,3516
6,3518
6,3521
6,3523
6,3526
6,3527
6,3528
6,3529
6,3537
6,3540
6,3541
6,3548
6,3553
6,3554
6,3556
6,3557
6,3559
6,3562
6,3565
6,3566
6,3567
6,3568
6,3570
6,3571
6,3572
6,3573
6,3574
6,3576
6,3577
6,3579
6,3580
6,3581
6,3582
6,3583
6,3584
6,3585
6,3586
6,3587
6,3588
6,3589
6,3590
6,3591
6,3592
6,3593
6,3594
6,3595
6,3596
6,3597
6,3598
6,3599
6,3600
6,3601
6,3602
6,3603
6,3605
6,3606
6,3607
6,3608
6,3609
6,3610
6,3611
6,3612
6,3613
6,3614
6,3615
6,3616
6,3617
6,3618
6,3619
6,3623
6,3624
6,3625
6,3626
6,3627
6,3628
6,3629
6,3630
6,3631
6,3632
6,3633
6,3634
6,3635
6,3638
6,3639
6,3640
6,3641
6,3642
6,3643
6,3644
6,3650
6,3651
6,3652
6,3653
6,3654
6,3655
6,3656
6,3657
6,3658
6,3659
6,3663
6,3664
6,3666
6,3669
6,3670
6,3671
6,3673
6,3674
6,3675
6,3680
6,3682
6,3684
6,3692
6,3693
6,3694
6,3695
6,3696
6,3698
6,3699
6,3700
6,3701
6,3702
6,3703
6,3704
6,3705
6,3706
6,3707
6,3708
6,3709
6,3710
6,3712
6,3714
7,799
7,1195
7,1260
7,1263
7,1264
7,1266
7,1867
7,1869
7,1873
7,1874
7,1876
7,1890
7,1934
7,1936
7,1939
7,2425
7,2427
7,2428
7,2430
7,2788
7,2790
7,2807
7,2855
7,2861
7,2867
7,2871
7,2873
7,3530
7,3535
7,3542
7,3543
7,3550
8,849
8,1168
8,1170
8,1186
8,1188
8,1205
8,1257
8,1258
8,1265
8,1846
8,1854
8,1855
8,1859
8,1860
8,1866
8,1871
8,1877
8,1879
8,1928
8,1932
8,1938
8,1942
8,1960
8,2793
8,2794
8,2795
8,2806
8,2813
8,2818
8,2832
8,2834
8,2842
8,2848
8,2853
8,2856
8,2858
8,2863
8,2875
8,3531
8,3539
8,3547
8,3551
8,3563
9,1171
9,1189
9,1204
9,1861
9,1862
9,1868
9,1870
9,1875
9,1880
9,1920
9,1927
9,2431
9,2802
9,2809
9,2824
9,2826
9,2829
9,2836
9,2843
9,2846
9,2849
9,2851
9,2854
9,2859
9,2860
9,2864
9,2865
9,2868
9,2870
9,2872
9,3555
9,3561
9,3713
10,864
10,874
10,1972
10,2791
10,2799
10,2803
10,3532
10,3538
10,3697
11,830
11,866
11,871
11,1179
11,1245
11,1267
11,1807
11,1818
11,1826
11,1830
11,1832
11,1849
11,1865
11,1892
11,1893
11,1900
11,1904
11,1908
11,1949
11,1951
11,1953
11,1961
11,1970
11,2780
11,2781
11,2787
11,2792
11,2797
11,3533
11,3534
11,3536
11,3544
11,3545
11,3546
11,3549
11,3552
11,3558
11,3560
11,3564
11,3711
12,820
12,841
12,857
12,861
12,873
12,877
12,1172
12,1173
12,1174
12,1175
12,1176
12,1178
12,1180
12,1181
12,1182
12,1183
12,1184
12,1185
12,1187
12,1190
12,1191
12,1192
12,1193
12,1194
12,1196
12,1197
12,1198
12,1199
12,1200
12,1201
12,1202
12,1203
12,1206
12,1207
12,1208
12,1209
12,1210
12,1211
12,1212
12,1213
12,1214
12,1215
12,1216
12,1217
12,1218
12,1219
12,1220
12,1221
12,1222
12,1223
12,1224
12,1225
12,1228
12,1229
12,1230
12,1231
12,1234
12,1235
12,1236
12,1239
12,1240
12,1241
12,1243
12,1244
12,1246
12,1247
12,1248
12,1249
12,1250
12,1251
12,1252
12,1253
12,1254
12,1255
12,1256
12,1259
12,1261
12,1262
12,1268
12,1803
12,1804
12,1805
12,1806
12,1808
12,1809
12,1810
12,1811
12,1812
12,1813
12,1814
12,1815
12,1816
12,1817
12,1819
12,1820
12,1821
12,1822
12,1823
12,1824
12,1825
12,1827
12,1828
12,1829
12,1831
12,1833
12,1834
12,1835
12,1836
12,1837
12,1838
12,1839
12,1840
12,1841
12,1842
12,1843
12,1844
12,1845
12,1847
12,1848
12,1850
12,1851
12,1852
12,1853
12,1856
12,1857
12,1858
12,1863
12,1864
12,1872
12,1878
12,1881
12,1882
12,1883
12,1884
12,1885
12,1886
12,1887
12,1888
12,1889
12,1891
12,1894
12,1895
12,1896
12,1897
12,1898
12,1899
12,1901
12,1902
12,1903
12,1905
12,1906
12,1907
12,1909
12,1910
12,1911
12,1912
12,1913
12,1914
12,1915
12,1916
12,1917
12,1918
12,1919
12,1921
12,1922
12,1923
12,1924
12,1925
12,1926
12,1929
12,1930
12,1931
12,1933
12,1935
12,1937
12,1940
12,1941
12,1943
12,1944
12,1945
12,1946
12,1947
12,1948
12,1950
12,1952
12,1954
12,1955
12,1956
12,1957
12,1958
12,1959
12,1962
12,1963
12,1964
12,1965
12,1966
12,1967
12,1968
12,1969
12,1971
12,2782
12,2783
12,2784
12,2785
12,2786
12,2789
12,2796
12,2800
12,2801
12,2804
12,2805
12,2808
12,2810
12,2811
12,2812
12,2814
12,2815
12,2816
12,2817
12,2819
12,2820
12,2821
12,2822
12,2823
12,2825
12,2827
12,2828
12,2830
12,2831
12,2833
12,2835
12,2837
12,2838
12,2839
12,2840
12,2841
12,2844
12,2845
12,2847
12,2850
12,2852
12,2857
12,2862
12,2866
12,2869
12,2874
12,2876
12,2877
12,2878
12,2879
12,2880
12,2881
12,2882
12,3526
12,3527
12,3528
12,3529
12,3537
12,3540
12,3541
12,3548
12,3553
12,3554
12,3556
12,3557
12,3559
12,3562
12,3692
12,3693
12,3694
12,3695
12,3696
12,3698
12,3699
12,3700
12,3701
12,3702
12,3703
12,3704
12,3705
12,3706
12,3707
12,3708
12,3709
12,3710
12,3712
12,3714
13,596
13,619
13,649
13,725
13,761
13,773
13,778
13,780
13,781
13,782
13,787
13,788
13,789
13,790
13,792
13,794
13,796
13,799
13,801
13,803
13,808
13,809
13,811
13,813
13,814
13,815
13,822
13,888
13,898
13,921
13,933
13,938
13,952
13,956
13,988
13,994
13,999
13,1015
13,1037
13,1050
13,1082
13,1120
13,1122
13,1195
13,1260
13,1263
13,1264
13,1266
13,1269
13,1311
13,1327
13,1426
13,1501
13,1724
13,1737
13,1762
13,1771
13,1774
13,1775
13,1783
13,1789
13,1790
13,1792
13,1793
13,1794
13,1795
13,1796
13,1797
13,1798
13,1800
13,1867
13,1869
13,1873
13,1874
13,1876
13,1890
13,1934
13,1936
13,1939
13,2024
13,2106
13,2108
13,2194
13,2342
13,2347
13,2348
13,2351
13,2352
13,2354
13,2355
13,2356
13,2358
13,2359
13,2361
13,2375
13,2381
13,2396
13,2411
13,2414
13,2418
13,2423
13,2425
13,2427
13,2428
13,2430
13,2440
13,2442
13,2445
13,2487
13,2490
13,2491
13,2498
13,2529
13,2543
13,2615
13,2619
13,2669
13,2691
13,2788
13,2790
13,2807
13,2855
13,2861
13,2867
13,2871
13,2873
13,2883
13,2887
13,2912
13,3029
13,3081
13,3173
13,3228
13,3279
13,3296
13,3308
13,3334
13,3346
13,3348
13,3384
13,3393
13,3401
13,3405
13,3450
13,3455
13,3498
13,3504
13,3530
13,3535
13,3542
13,3543
13,3550
13,3645
13,3683
13,3686
14,576
14,668
14,669
14,675
14,680
14,696
14,767
14,775
14,777
14,791
14,795
14,798
14,804
14,805
14,806
14,807
14,810
14,812
14,843
14,849
14,889
14,906
14,932
14,939
14,940
14,946
14,947
14,989
14,991
14,1004
14,1007
14,1012
14,1151
14,1168
14,1169
14,1170
14,1186
14,1188
14,1205
14,1233
14,1257
14,1258
14,1265
14,1270
14,1278
14,1295
14,1303
14,1355
14,1356
14,1357
14,1395
14,1406
14,1418
14,1425
14,1427
14,1490
14,1502
14,1540
14,1588
14,1595
14,1685
14,1748
14,1752
14,1757
14,1758
14,1764
14,1772
14,1778
14,1785
14,1799
14,1846
14,1854
14,1855
14,1859
14,1860
14,1866
14,1871
14,1879
14,1928
14,1932
14,1942
14,1960
14,2088
14,2090
14,2095
14,2096
14,2216
14,2275
14,2283
14,2287
14,2321
14,2335
14,2340
14,2343
14,2344
14,2350
14,2357
14,2362
14,2364
14,2365
14,2407
14,2410
14,2419
14,2421
14,2424
14,2426
14,2429
14,2438
14,2459
14,2486
14,2488
14,2512
14,2514
14,2523
14,2560
14,2598
14,2621
14,2622
14,2624
14,2628
14,2636
14,2660
14,2675
14,2741
14,2793
14,2794
14,2795
14,2806
14,2813
14,2818
14,2832
14,2834
14,2842
14,2848
14,2853
14,2856
14,2858
14,2875
14,2885
14,2909
14,2931
14,2933
14,3082
14,3151
14,3153
14,3172
14,3254
14,3270
14,3288
14,3294
14,3306
14,3339
14,3358
14,3412
14,3457
14,3506
14,3515
14,3531
14,3539
14,3547
14,3551
14,3563
14,3569
14,3637
14,3667
14,3668
14,3672
14,3688
14,3690
14,3691
15,589
15,598
15,599
15,613
15,636
15,637
15,640
15,670
15,672
15,679
15,681
15,688
15,713
15,718
15,729
15,763
15,845
15,890
15,907
15,909
15,910
15,911
15,915
15,917
15,925
15,927
15,928
15,929
15,930
15,931
15,934
15,935
15,936
15,937
15,941
15,944
15,949
15,951
15,954
15,955
15,960
15,979
15,983
15,984
15,993
15,1014
15,1126
15,1149
15,1171
15,1177
15,1189
15,1227
15,1299
15,1300
15,1312
15,1318
15,1320
15,1344
15,1358
15,1396
15,1565
15,1567
15,1659
15,1694
15,1716
15,1725
15,1727
15,1730
15,1733
15,1747
15,1765
15,1769
15,1770
15,1786
15,1861
15,1862
15,1875
15,1880
15,1920
15,1927
15,1977
15,2018
15,2052
15,2053
15,2102
15,2112
15,2116
15,2146
15,2148
15,2171
15,2212
15,2346
15,2349
15,2360
15,2431
15,2433
15,2436
15,2455
15,2500
15,2508
15,2511
15,2515
15,2528
15,2530
15,2533
15,2537
15,2545
15,2552
15,2554
15,2561
15,2629
15,2631
15,2639
15,2640
15,2643
15,2644
15,2645
15,2671
15,2673
15,2678
15,2684
15,2685
15,2692
15,2702
15,2725
15,2752
15,2763
15,2802
15,2824
15,2829
15,2836
15,2843
15,2846
15,2849
15,2854
15,2859
15,2860
15,2864
15,2865
15,2868
15,2870
15,2872
15,2888
15,2889
15,2891
15,2892
15,2897
15,2910
15,2913
15,2921
15,2924
15,3002
15,3024
15,3042
15,3048
15,3051
15,3058
15,3061
15,3092
15,3105
15,3130
15,3141
15,3152
15,3171
15,3174
15,3186
15,3189
15,3190
15,3193
15,3214
15,3217
15,3230
15,3235
15,3267
15,3280
15,3301
15,3305
15,3314
15,3315
15,3349
15,3352
15,3362
15,3555
15,3561
15,3575
15,3604
15,3661
15,3676
15,3677
15,3681
15,3685
15,3689
15,3713
16,682
16,768
16,783
16,802
16,833
16,834
16,836
16,846
16,859
16,864
16,876
16,1092
16,1119
16,1146
16,1697
16,1760
16,1763
16,1791
16,1972
16,1985
16,2005
16,2037
16,2218
16,2337
16,2370
16,2416
16,2453
16,2494
16,2566
16,2799
16,2803
16,2886
16,2899
16,3354
16,3382
16,3383
16,3385
16,3388
16,3390
16,3391
16,3444
16,3475
16,3517
16,3538
16,3649
16,3697
17,618
17,716
17,762
17,830
17,851
17,958
17,1128
17,1179
17,1245
17,1267
17,1391
17,1414
17,1449
17,1480
17,1726
17,1754
17,1756
17,1759
17,1781
17,1807
17,1830
17,1949
17,1961
17,2030
17,2042
17,2181
17,2190
17,2338
17,2339
17,2402
17,2406
17,2420
17,2422
17,2450
17,2478
17,2480
17,2485
17,2492
17,2509
17,2510
17,2527
17,2579
17,2626
17,2780
17,2781
17,2787
17,2797
17,2904
17,2922
17,3276
17,3300
17,3325
17,3338
17,3345
17,3389
17,3395
17,3448
17,3469
17,3471
17,3476
17,3533
17,3536
17,3546
17,3549
17,3558
17,3621
17,3622
17,3636
17,3646
17,3648
17,3660
17,3665
17,3678
17,3679
17,3687
17,3711
18,577
18,582
18,597
18,606
18,612
18,614
18,690
18,750
18,752
18,765
18,771
18,776
18,784
18,793
18,818
18,854
18,862
18,877
18,894
18,896
18,904
18,916
18,923
18,926
18,948
18,959
18,961
18,963
18,967
18,970
18,975
18,985
18,996
18,1000
18,1018
18,1022
18,1030
18,1081
18,1097
18,1098
18,1099
18,1123
18,1124
18,1125
18,1130
18,1160
18,1161
18,1166
18,1167
18,1172
18,1173
18,1174
18,1176
18,1185
18,1193
18,1194
18,1214
18,1215
18,1216
18,1221
18,1223
18,1237
18,1248
18,1259
18,1262
18,1271
18,1273
18,1274
18,1276
18,1280
18,1283
18,1284
18,1285
18,1286
18,1294
18,1301
18,1304
18,1310
18,1314
18,1317
18,1321
18,1329
18,1334
18,1337
18,1346
18,1347
18,1349
18,1350
18,1351
18,1352
18,1360
18,1364
18,1377
18,1380
18,1392
18,1393
18,1399
18,1403
18,1407
18,1431
18,1487
18,1503
18,1507
18,1534
18,1549
18,1563
18,1566
18,1574
18,1581
18,1596
18,1611
18,1616
18,1634
18,1636
18,1643
18,1663
18,1672
18,1687
18,1708
18,1714
18,1723
18,1728
18,1732
18,1743
18,1744
18,1745
18,1766
18,1777
18,1787
18,1804
18,1805
18,1811
18,1813
18,1821
18,1823
18,1833
18,1835
18,1836
18,1847
18,1848
18,1857
18,1858
18,1872
18,1878
18,1883
18,1884
18,1885
18,1888
18,1895
18,1898
18,1901
18,1902
18,1903
18,1905
18,1907
18,1909
18,1917
18,1926
18,1929
18,1944
18,1947
18,1950
18,1965
18,1983
18,2022
18,2054
18,2066
18,2079
18,2100
18,2109
18,2110
18,2115
18,2117
18,2120
18,2123
18,2124
18,2142
18,2144
18,2152
18,2154
18,2159
18,2165
18,2170
18,2176
18,2188
18,2193
18,2203
18,2210
18,2220
18,2223
18,2240
18,2248
18,2257
18,2260
18,2280
18,2288
18,2291
18,2294
18,2300
18,2304
18,2319
18,2326
18,2328
18,2363
18,2366
18,2405
18,2408
18,2413
18,2415
18,2441
18,2444
18,2454
18,2460
18,2461
18,2495
18,2499
18,2504
18,2507
18,2517
18,2525
18,2526
18,2556
18,2558
18,2570
18,2571
18,2580
18,2595
18,2599
18,2607
18,2617
18,2620
18,2623
18,2630
18,2634
18,2646
18,2651
18,2653
18,2657
18,2662
18,2672
18,2679
18,2682
18,2683
18,2688
18,2705
18,2712
18,2714
18,2717
18,2721
18,2722
18,2726
18,2727
18,2736
18,2737
18,2748
18,2751
18,2764
18,2783
18,2785
18,2796
18,2801
18,2804
18,2812
18,2815
18,2816
18,2819
18,2820
18,2821
18,2823
18,2831
18,2833
18,2835
18,2839
18,2840
18,2844
18,2847
18,2876
18,2880
18,2881
18,2890
18,2893
18,2894
18,3011
18,3017
18,3028
18,3035
18,3041
18,3052
18,3067
18,3072
18,3083
18,3089
18,3136
18,3165
18,3166
18,3170
18,3185
18,3187
18,3188
18,3192
18,3195
18,3202
18,3205
18,3211
18,3220
18,3231
18,3232
18,3240
18,3247
18,3251
18,3252
18,3253
18,3256
18,3258
18,3273
18,3282
18,3283
18,3284
18,3286
18,3291
18,3292
18,3293
18,3295
18,3297
18,3298
18,3302
18,3311
18,3319
18,3320
18,3322
18,3332
18,3333
18,3398
18,3399
18,3495
18,3540
18,3553
18,3554
18,3567
18,3587
18,3602
18,3605
18,3609
18,3612
18,3613
18,3628
18,3632
18,3633
18,3634
18,3635
18,3638
18,3640
18,3641
18,3642
18,3655
18,3656
18,3657
18,3666
18,3669
18,3670
18,3674
18,3680
18,3682
18,3684
18,3696
18,3703
18,3707
18,3709
18,3712
19,1195
19,1260
19,1263
19,1264
19,1266
19,1426
19,1890
19,1934
19,1936
19,1939
19,2788
19,2807
19,3384
20,1168
20,1170
20,1186
20,1188
20,1205
20,1257
20,1258
20,1265
20,1395
20,1406
20,1418
20,1425
20,1928
20,1932
20,1942
20,1960
20,2793
20,2794
20,2795
20,2806
20,2813
21,1171
21,1189
21,1920
21,1927
21,2802
22,1972
22,2791
22,2799
22,2803
22,3383
22,3385
22,3388
22,3390
22,3391
23,1179
23,1245
23,1267
23,1414
23,1807
23,1830
23,1904
23,1949
23,1961
23,2780
23,2781
23,2787
23,2797
23,3389
23,3549
24,1172
24,1173
24,1174
24,1176
24,1185
24,1193
24,1194
24,1214
24,1215
24,1216
24,1221
24,1223
24,1248
24,1259
24,1262
24,1804
24,1805
24,1808
24,1811
24,1813
24,1816
24,1819
24,1821
24,1823
24,1833
24,1835
24,1836
24,1895
24,1898
24,1901
24,1902
24,1903
24,1905
24,1907
24,1909
24,1926
24,1929
24,1944
24,1947
24,1950
24,1965
24,2783
24,2785
24,2796
24,2800
24,2801
24,2804
24,2812
24,2815
24,3703
